/*
SQLyog Community v10.12 
MySQL - 5.5.20-log : Database - seaking
*********************************************************************
*/

/*!40101 SET NAMES utf8 */;

/*!40101 SET SQL_MODE=''*/;

/*!40014 SET @OLD_UNIQUE_CHECKS=@@UNIQUE_CHECKS, UNIQUE_CHECKS=0 */;
/*!40014 SET @OLD_FOREIGN_KEY_CHECKS=@@FOREIGN_KEY_CHECKS, FOREIGN_KEY_CHECKS=0 */;
/*!40101 SET @OLD_SQL_MODE=@@SQL_MODE, SQL_MODE='NO_AUTO_VALUE_ON_ZERO' */;
/*!40111 SET @OLD_SQL_NOTES=@@SQL_NOTES, SQL_NOTES=0 */;
CREATE DATABASE /*!32312 IF NOT EXISTS*/`seaking` /*!40100 DEFAULT CHARACTER SET utf8 */;

USE `seaking`;

/*Table structure for table `character_nicknames` */

DROP TABLE IF EXISTS `character_nicknames`;

CREATE TABLE `character_nicknames` (
  `id` int(10) NOT NULL AUTO_INCREMENT,
  `name` varchar(100) NOT NULL DEFAULT '' COMMENT '昵称',
  `date` int(10) NOT NULL DEFAULT '0' COMMENT '日期',
  `bz` int(1) NOT NULL DEFAULT '1' COMMENT '1 - 可用',
  PRIMARY KEY (`id`)
) ENGINE=InnoDB AUTO_INCREMENT=1001 DEFAULT CHARSET=utf8;

/*Data for the table `character_nicknames` */

insert  into `character_nicknames`(`id`,`name`,`date`,`bz`) values (1,'昵称0',0,1),(2,'昵称1',0,1),(3,'昵称2',0,1),(4,'昵称3',0,1),(5,'昵称4',0,1),(6,'昵称5',0,1),(7,'昵称6',0,1),(8,'昵称7',0,1),(9,'昵称8',0,1),(10,'昵称9',0,1),(11,'昵称10',0,1),(12,'昵称11',0,1),(13,'昵称12',0,1),(14,'昵称13',0,1),(15,'昵称14',0,1),(16,'昵称15',0,1),(17,'昵称16',0,1),(18,'昵称17',0,1),(19,'昵称18',0,1),(20,'昵称19',0,1),(21,'昵称20',0,1),(22,'昵称21',0,1),(23,'昵称22',0,1),(24,'昵称23',0,1),(25,'昵称24',0,1),(26,'昵称25',0,1),(27,'昵称26',0,1),(28,'昵称27',0,1),(29,'昵称28',0,1),(30,'昵称29',0,1),(31,'昵称30',0,1),(32,'昵称31',0,1),(33,'昵称32',0,1),(34,'昵称33',0,1),(35,'昵称34',0,1),(36,'昵称35',0,1),(37,'昵称36',0,1),(38,'昵称37',0,1),(39,'昵称38',0,1),(40,'昵称39',0,1),(41,'昵称40',0,1),(42,'昵称41',0,1),(43,'昵称42',0,1),(44,'昵称43',0,1),(45,'昵称44',0,1),(46,'昵称45',0,1),(47,'昵称46',0,1),(48,'昵称47',0,1),(49,'昵称48',0,1),(50,'昵称49',0,1),(51,'昵称50',0,1),(52,'昵称51',0,1),(53,'昵称52',0,1),(54,'昵称53',0,1),(55,'昵称54',0,1),(56,'昵称55',0,1),(57,'昵称56',0,1),(58,'昵称57',0,1),(59,'昵称58',0,1),(60,'昵称59',0,1),(61,'昵称60',0,1),(62,'昵称61',0,1),(63,'昵称62',0,1),(64,'昵称63',0,1),(65,'昵称64',0,1),(66,'昵称65',0,1),(67,'昵称66',0,1),(68,'昵称67',0,1),(69,'昵称68',0,1),(70,'昵称69',0,1),(71,'昵称70',0,1),(72,'昵称71',0,1),(73,'昵称72',0,1),(74,'昵称73',0,1),(75,'昵称74',0,1),(76,'昵称75',0,1),(77,'昵称76',0,1),(78,'昵称77',0,1),(79,'昵称78',0,1),(80,'昵称79',0,1),(81,'昵称80',0,1),(82,'昵称81',0,1),(83,'昵称82',0,1),(84,'昵称83',0,1),(85,'昵称84',0,1),(86,'昵称85',0,1),(87,'昵称86',0,1),(88,'昵称87',0,1),(89,'昵称88',0,1),(90,'昵称89',0,1),(91,'昵称90',0,1),(92,'昵称91',0,1),(93,'昵称92',0,1),(94,'昵称93',0,1),(95,'昵称94',0,1),(96,'昵称95',0,1),(97,'昵称96',0,1),(98,'昵称97',0,1),(99,'昵称98',0,1),(100,'昵称99',0,1),(101,'昵称100',0,1),(102,'昵称101',0,1),(103,'昵称102',0,1),(104,'昵称103',0,1),(105,'昵称104',0,1),(106,'昵称105',0,1),(107,'昵称106',0,1),(108,'昵称107',0,1),(109,'昵称108',0,1),(110,'昵称109',0,1),(111,'昵称110',0,1),(112,'昵称111',0,1),(113,'昵称112',0,1),(114,'昵称113',0,1),(115,'昵称114',0,1),(116,'昵称115',0,1),(117,'昵称116',0,1),(118,'昵称117',0,1),(119,'昵称118',0,1),(120,'昵称119',0,1),(121,'昵称120',0,1),(122,'昵称121',0,1),(123,'昵称122',0,1),(124,'昵称123',0,1),(125,'昵称124',0,1),(126,'昵称125',0,1),(127,'昵称126',0,1),(128,'昵称127',0,1),(129,'昵称128',0,1),(130,'昵称129',0,1),(131,'昵称130',0,1),(132,'昵称131',0,1),(133,'昵称132',0,1),(134,'昵称133',0,1),(135,'昵称134',0,1),(136,'昵称135',0,1),(137,'昵称136',0,1),(138,'昵称137',0,1),(139,'昵称138',0,1),(140,'昵称139',0,1),(141,'昵称140',0,1),(142,'昵称141',0,1),(143,'昵称142',0,1),(144,'昵称143',0,1),(145,'昵称144',0,1),(146,'昵称145',0,1),(147,'昵称146',0,1),(148,'昵称147',0,1),(149,'昵称148',0,1),(150,'昵称149',0,1),(151,'昵称150',0,1),(152,'昵称151',0,1),(153,'昵称152',0,1),(154,'昵称153',0,1),(155,'昵称154',0,1),(156,'昵称155',0,1),(157,'昵称156',0,1),(158,'昵称157',0,1),(159,'昵称158',0,1),(160,'昵称159',0,1),(161,'昵称160',0,1),(162,'昵称161',0,1),(163,'昵称162',0,1),(164,'昵称163',0,1),(165,'昵称164',0,1),(166,'昵称165',0,1),(167,'昵称166',0,1),(168,'昵称167',0,1),(169,'昵称168',0,1),(170,'昵称169',0,1),(171,'昵称170',0,1),(172,'昵称171',0,1),(173,'昵称172',0,1),(174,'昵称173',0,1),(175,'昵称174',0,1),(176,'昵称175',0,1),(177,'昵称176',0,1),(178,'昵称177',0,1),(179,'昵称178',0,1),(180,'昵称179',0,1),(181,'昵称180',0,1),(182,'昵称181',0,1),(183,'昵称182',0,1),(184,'昵称183',0,1),(185,'昵称184',0,1),(186,'昵称185',0,1),(187,'昵称186',0,1),(188,'昵称187',0,1),(189,'昵称188',0,1),(190,'昵称189',0,1),(191,'昵称190',0,1),(192,'昵称191',0,1),(193,'昵称192',0,1),(194,'昵称193',0,1),(195,'昵称194',0,1),(196,'昵称195',0,1),(197,'昵称196',0,1),(198,'昵称197',0,1),(199,'昵称198',0,1),(200,'昵称199',0,1),(201,'昵称200',0,1),(202,'昵称201',0,1),(203,'昵称202',0,1),(204,'昵称203',0,1),(205,'昵称204',0,1),(206,'昵称205',0,1),(207,'昵称206',0,1),(208,'昵称207',0,1),(209,'昵称208',0,1),(210,'昵称209',0,1),(211,'昵称210',0,1),(212,'昵称211',0,1),(213,'昵称212',0,1),(214,'昵称213',0,1),(215,'昵称214',0,1),(216,'昵称215',0,1),(217,'昵称216',0,1),(218,'昵称217',0,1),(219,'昵称218',0,1),(220,'昵称219',0,1),(221,'昵称220',0,1),(222,'昵称221',0,1),(223,'昵称222',0,1),(224,'昵称223',0,1),(225,'昵称224',0,1),(226,'昵称225',0,1),(227,'昵称226',0,1),(228,'昵称227',0,1),(229,'昵称228',0,1),(230,'昵称229',0,1),(231,'昵称230',0,1),(232,'昵称231',0,1),(233,'昵称232',0,1),(234,'昵称233',0,1),(235,'昵称234',0,1),(236,'昵称235',0,1),(237,'昵称236',0,1),(238,'昵称237',0,1),(239,'昵称238',0,1),(240,'昵称239',0,1),(241,'昵称240',0,1),(242,'昵称241',0,1),(243,'昵称242',0,1),(244,'昵称243',0,1),(245,'昵称244',0,1),(246,'昵称245',0,1),(247,'昵称246',0,1),(248,'昵称247',0,1),(249,'昵称248',0,1),(250,'昵称249',0,1),(251,'昵称250',0,1),(252,'昵称251',0,1),(253,'昵称252',0,1),(254,'昵称253',0,1),(255,'昵称254',0,1),(256,'昵称255',0,1),(257,'昵称256',0,1),(258,'昵称257',0,1),(259,'昵称258',0,1),(260,'昵称259',0,1),(261,'昵称260',0,1),(262,'昵称261',0,1),(263,'昵称262',0,1),(264,'昵称263',0,1),(265,'昵称264',0,1),(266,'昵称265',0,1),(267,'昵称266',0,1),(268,'昵称267',0,1),(269,'昵称268',0,1),(270,'昵称269',0,1),(271,'昵称270',0,1),(272,'昵称271',0,1),(273,'昵称272',0,1),(274,'昵称273',0,1),(275,'昵称274',0,1),(276,'昵称275',0,1),(277,'昵称276',0,1),(278,'昵称277',0,1),(279,'昵称278',0,1),(280,'昵称279',0,1),(281,'昵称280',0,1),(282,'昵称281',0,1),(283,'昵称282',0,1),(284,'昵称283',0,1),(285,'昵称284',0,1),(286,'昵称285',0,1),(287,'昵称286',0,1),(288,'昵称287',0,1),(289,'昵称288',0,1),(290,'昵称289',0,1),(291,'昵称290',0,1),(292,'昵称291',0,1),(293,'昵称292',0,1),(294,'昵称293',0,1),(295,'昵称294',0,1),(296,'昵称295',0,1),(297,'昵称296',0,1),(298,'昵称297',0,1),(299,'昵称298',0,1),(300,'昵称299',0,1),(301,'昵称300',0,1),(302,'昵称301',0,1),(303,'昵称302',0,1),(304,'昵称303',0,1),(305,'昵称304',0,1),(306,'昵称305',0,1),(307,'昵称306',0,1),(308,'昵称307',0,1),(309,'昵称308',0,1),(310,'昵称309',0,1),(311,'昵称310',0,1),(312,'昵称311',0,1),(313,'昵称312',0,1),(314,'昵称313',0,1),(315,'昵称314',0,1),(316,'昵称315',0,1),(317,'昵称316',0,1),(318,'昵称317',0,1),(319,'昵称318',0,1),(320,'昵称319',0,1),(321,'昵称320',0,1),(322,'昵称321',0,1),(323,'昵称322',0,1),(324,'昵称323',0,1),(325,'昵称324',0,1),(326,'昵称325',0,1),(327,'昵称326',0,1),(328,'昵称327',0,1),(329,'昵称328',0,1),(330,'昵称329',0,1),(331,'昵称330',0,1),(332,'昵称331',0,1),(333,'昵称332',0,1),(334,'昵称333',0,1),(335,'昵称334',0,1),(336,'昵称335',0,1),(337,'昵称336',0,1),(338,'昵称337',0,1),(339,'昵称338',0,1),(340,'昵称339',0,1),(341,'昵称340',0,1),(342,'昵称341',0,1),(343,'昵称342',0,1),(344,'昵称343',0,1),(345,'昵称344',0,1),(346,'昵称345',0,1),(347,'昵称346',0,1),(348,'昵称347',0,1),(349,'昵称348',0,1),(350,'昵称349',0,1),(351,'昵称350',0,1),(352,'昵称351',0,1),(353,'昵称352',0,1),(354,'昵称353',0,1),(355,'昵称354',0,1),(356,'昵称355',0,1),(357,'昵称356',0,1),(358,'昵称357',0,1),(359,'昵称358',0,1),(360,'昵称359',0,1),(361,'昵称360',0,1),(362,'昵称361',0,1),(363,'昵称362',0,1),(364,'昵称363',0,1),(365,'昵称364',0,1),(366,'昵称365',0,1),(367,'昵称366',0,1),(368,'昵称367',0,1),(369,'昵称368',0,1),(370,'昵称369',0,1),(371,'昵称370',0,1),(372,'昵称371',0,1),(373,'昵称372',0,1),(374,'昵称373',0,1),(375,'昵称374',0,1),(376,'昵称375',0,1),(377,'昵称376',0,1),(378,'昵称377',0,1),(379,'昵称378',0,1),(380,'昵称379',0,1),(381,'昵称380',0,1),(382,'昵称381',0,1),(383,'昵称382',0,1),(384,'昵称383',0,1),(385,'昵称384',0,1),(386,'昵称385',0,1),(387,'昵称386',0,1),(388,'昵称387',0,1),(389,'昵称388',0,1),(390,'昵称389',0,1),(391,'昵称390',0,1),(392,'昵称391',0,1),(393,'昵称392',0,1),(394,'昵称393',0,1),(395,'昵称394',0,1),(396,'昵称395',0,1),(397,'昵称396',0,1),(398,'昵称397',0,1),(399,'昵称398',0,1),(400,'昵称399',0,1),(401,'昵称400',0,1),(402,'昵称401',0,1),(403,'昵称402',0,1),(404,'昵称403',0,1),(405,'昵称404',0,1),(406,'昵称405',0,1),(407,'昵称406',0,1),(408,'昵称407',0,1),(409,'昵称408',0,1),(410,'昵称409',0,1),(411,'昵称410',0,1),(412,'昵称411',0,1),(413,'昵称412',0,1),(414,'昵称413',0,1),(415,'昵称414',0,1),(416,'昵称415',0,1),(417,'昵称416',0,1),(418,'昵称417',0,1),(419,'昵称418',0,1),(420,'昵称419',0,1),(421,'昵称420',0,1),(422,'昵称421',0,1),(423,'昵称422',0,1),(424,'昵称423',0,1),(425,'昵称424',0,1),(426,'昵称425',0,1),(427,'昵称426',0,1),(428,'昵称427',0,1),(429,'昵称428',0,1),(430,'昵称429',0,1),(431,'昵称430',0,1),(432,'昵称431',0,1),(433,'昵称432',0,1),(434,'昵称433',0,1),(435,'昵称434',0,1),(436,'昵称435',0,1),(437,'昵称436',0,1),(438,'昵称437',0,1),(439,'昵称438',0,1),(440,'昵称439',0,1),(441,'昵称440',0,1),(442,'昵称441',0,1),(443,'昵称442',0,1),(444,'昵称443',0,1),(445,'昵称444',0,1),(446,'昵称445',0,1),(447,'昵称446',0,1),(448,'昵称447',0,1),(449,'昵称448',0,1),(450,'昵称449',0,1),(451,'昵称450',0,1),(452,'昵称451',0,1),(453,'昵称452',0,1),(454,'昵称453',0,1),(455,'昵称454',0,1),(456,'昵称455',0,1),(457,'昵称456',0,1),(458,'昵称457',0,1),(459,'昵称458',0,1),(460,'昵称459',0,1),(461,'昵称460',0,1),(462,'昵称461',0,1),(463,'昵称462',0,1),(464,'昵称463',0,1),(465,'昵称464',0,1),(466,'昵称465',0,1),(467,'昵称466',0,1),(468,'昵称467',0,1),(469,'昵称468',0,1),(470,'昵称469',0,1),(471,'昵称470',0,1),(472,'昵称471',0,1),(473,'昵称472',0,1),(474,'昵称473',0,1),(475,'昵称474',0,1),(476,'昵称475',0,1),(477,'昵称476',0,1),(478,'昵称477',0,1),(479,'昵称478',0,1),(480,'昵称479',0,1),(481,'昵称480',0,1),(482,'昵称481',0,1),(483,'昵称482',0,1),(484,'昵称483',0,1),(485,'昵称484',0,1),(486,'昵称485',0,1),(487,'昵称486',0,1),(488,'昵称487',0,1),(489,'昵称488',0,1),(490,'昵称489',0,1),(491,'昵称490',0,1),(492,'昵称491',0,1),(493,'昵称492',0,1),(494,'昵称493',0,1),(495,'昵称494',0,1),(496,'昵称495',0,1),(497,'昵称496',0,1),(498,'昵称497',0,1),(499,'昵称498',0,1),(500,'昵称499',0,1),(501,'昵称500',0,1),(502,'昵称501',0,1),(503,'昵称502',0,1),(504,'昵称503',0,1),(505,'昵称504',0,1),(506,'昵称505',0,1),(507,'昵称506',0,1),(508,'昵称507',0,1),(509,'昵称508',0,1),(510,'昵称509',0,1),(511,'昵称510',0,1),(512,'昵称511',0,1),(513,'昵称512',0,1),(514,'昵称513',0,1),(515,'昵称514',0,1),(516,'昵称515',0,1),(517,'昵称516',0,1),(518,'昵称517',0,1),(519,'昵称518',0,1),(520,'昵称519',0,1),(521,'昵称520',0,1),(522,'昵称521',0,1),(523,'昵称522',0,1),(524,'昵称523',0,1),(525,'昵称524',0,1),(526,'昵称525',0,1),(527,'昵称526',0,1),(528,'昵称527',0,1),(529,'昵称528',0,1),(530,'昵称529',0,1),(531,'昵称530',0,1),(532,'昵称531',0,1),(533,'昵称532',0,1),(534,'昵称533',0,1),(535,'昵称534',0,1),(536,'昵称535',0,1),(537,'昵称536',0,1),(538,'昵称537',0,1),(539,'昵称538',0,1),(540,'昵称539',0,1),(541,'昵称540',0,1),(542,'昵称541',0,1),(543,'昵称542',0,1),(544,'昵称543',0,1),(545,'昵称544',0,1),(546,'昵称545',0,1),(547,'昵称546',0,1),(548,'昵称547',0,1),(549,'昵称548',0,1),(550,'昵称549',0,1),(551,'昵称550',0,1),(552,'昵称551',0,1),(553,'昵称552',0,1),(554,'昵称553',0,1),(555,'昵称554',0,1),(556,'昵称555',0,1),(557,'昵称556',0,1),(558,'昵称557',0,1),(559,'昵称558',0,1),(560,'昵称559',0,1),(561,'昵称560',0,1),(562,'昵称561',0,1),(563,'昵称562',0,1),(564,'昵称563',0,1),(565,'昵称564',0,1),(566,'昵称565',0,1),(567,'昵称566',0,1),(568,'昵称567',0,1),(569,'昵称568',0,1),(570,'昵称569',0,1),(571,'昵称570',0,1),(572,'昵称571',0,1),(573,'昵称572',0,1),(574,'昵称573',0,1),(575,'昵称574',0,1),(576,'昵称575',0,1),(577,'昵称576',0,1),(578,'昵称577',0,1),(579,'昵称578',0,1),(580,'昵称579',0,1),(581,'昵称580',0,1),(582,'昵称581',0,1),(583,'昵称582',0,1),(584,'昵称583',0,1),(585,'昵称584',0,1),(586,'昵称585',0,1),(587,'昵称586',0,1),(588,'昵称587',0,1),(589,'昵称588',0,1),(590,'昵称589',0,1),(591,'昵称590',0,1),(592,'昵称591',0,1),(593,'昵称592',0,1),(594,'昵称593',0,1),(595,'昵称594',0,1),(596,'昵称595',0,1),(597,'昵称596',0,1),(598,'昵称597',0,1),(599,'昵称598',0,1),(600,'昵称599',0,1),(601,'昵称600',0,1),(602,'昵称601',0,1),(603,'昵称602',0,1),(604,'昵称603',0,1),(605,'昵称604',0,1),(606,'昵称605',0,1),(607,'昵称606',0,1),(608,'昵称607',0,1),(609,'昵称608',0,1),(610,'昵称609',0,1),(611,'昵称610',0,1),(612,'昵称611',0,1),(613,'昵称612',0,1),(614,'昵称613',0,1),(615,'昵称614',0,1),(616,'昵称615',0,1),(617,'昵称616',0,1),(618,'昵称617',0,1),(619,'昵称618',0,1),(620,'昵称619',0,1),(621,'昵称620',0,1),(622,'昵称621',0,1),(623,'昵称622',0,1),(624,'昵称623',0,1),(625,'昵称624',0,1),(626,'昵称625',0,1),(627,'昵称626',0,1),(628,'昵称627',0,1),(629,'昵称628',0,1),(630,'昵称629',0,1),(631,'昵称630',0,1),(632,'昵称631',0,1),(633,'昵称632',0,1),(634,'昵称633',0,1),(635,'昵称634',0,1),(636,'昵称635',0,1),(637,'昵称636',0,1),(638,'昵称637',0,1),(639,'昵称638',0,1),(640,'昵称639',0,1),(641,'昵称640',0,1),(642,'昵称641',0,1),(643,'昵称642',0,1),(644,'昵称643',0,1),(645,'昵称644',0,1),(646,'昵称645',0,1),(647,'昵称646',0,1),(648,'昵称647',0,1),(649,'昵称648',0,1),(650,'昵称649',0,1),(651,'昵称650',0,1),(652,'昵称651',0,1),(653,'昵称652',0,1),(654,'昵称653',0,1),(655,'昵称654',0,1),(656,'昵称655',0,1),(657,'昵称656',0,1),(658,'昵称657',0,1),(659,'昵称658',0,1),(660,'昵称659',0,1),(661,'昵称660',0,1),(662,'昵称661',0,1),(663,'昵称662',0,1),(664,'昵称663',0,1),(665,'昵称664',0,1),(666,'昵称665',0,1),(667,'昵称666',0,1),(668,'昵称667',0,1),(669,'昵称668',0,1),(670,'昵称669',0,1),(671,'昵称670',0,1),(672,'昵称671',0,1),(673,'昵称672',0,1),(674,'昵称673',0,1),(675,'昵称674',0,1),(676,'昵称675',0,1),(677,'昵称676',0,1),(678,'昵称677',0,1),(679,'昵称678',0,1),(680,'昵称679',0,1),(681,'昵称680',0,1),(682,'昵称681',0,1),(683,'昵称682',0,1),(684,'昵称683',0,1),(685,'昵称684',0,1),(686,'昵称685',0,1),(687,'昵称686',0,1),(688,'昵称687',0,1),(689,'昵称688',0,1),(690,'昵称689',0,1),(691,'昵称690',0,1),(692,'昵称691',0,1),(693,'昵称692',0,1),(694,'昵称693',0,1),(695,'昵称694',0,1),(696,'昵称695',0,1),(697,'昵称696',0,1),(698,'昵称697',0,1),(699,'昵称698',0,1),(700,'昵称699',0,1),(701,'昵称700',0,1),(702,'昵称701',0,1),(703,'昵称702',0,1),(704,'昵称703',0,1),(705,'昵称704',0,1),(706,'昵称705',0,1),(707,'昵称706',0,1),(708,'昵称707',0,1),(709,'昵称708',0,1),(710,'昵称709',0,1),(711,'昵称710',0,1),(712,'昵称711',0,1),(713,'昵称712',0,1),(714,'昵称713',0,1),(715,'昵称714',0,1),(716,'昵称715',0,1),(717,'昵称716',0,1),(718,'昵称717',0,1),(719,'昵称718',0,1),(720,'昵称719',0,1),(721,'昵称720',0,1),(722,'昵称721',0,1),(723,'昵称722',0,1),(724,'昵称723',0,1),(725,'昵称724',0,1),(726,'昵称725',0,1),(727,'昵称726',0,1),(728,'昵称727',0,1),(729,'昵称728',0,1),(730,'昵称729',0,1),(731,'昵称730',0,1),(732,'昵称731',0,1),(733,'昵称732',0,1),(734,'昵称733',0,1),(735,'昵称734',0,1),(736,'昵称735',0,1),(737,'昵称736',0,1),(738,'昵称737',0,1),(739,'昵称738',0,1),(740,'昵称739',0,1),(741,'昵称740',0,1),(742,'昵称741',0,1),(743,'昵称742',0,1),(744,'昵称743',0,1),(745,'昵称744',0,1),(746,'昵称745',0,1),(747,'昵称746',0,1),(748,'昵称747',0,1),(749,'昵称748',0,1),(750,'昵称749',0,1),(751,'昵称750',0,1),(752,'昵称751',0,1),(753,'昵称752',0,1),(754,'昵称753',0,1),(755,'昵称754',0,1),(756,'昵称755',0,1),(757,'昵称756',0,1),(758,'昵称757',0,1),(759,'昵称758',0,1),(760,'昵称759',0,1),(761,'昵称760',0,1),(762,'昵称761',0,1),(763,'昵称762',0,1),(764,'昵称763',0,1),(765,'昵称764',0,1),(766,'昵称765',0,1),(767,'昵称766',0,1),(768,'昵称767',0,1),(769,'昵称768',0,1),(770,'昵称769',0,1),(771,'昵称770',0,1),(772,'昵称771',0,1),(773,'昵称772',0,1),(774,'昵称773',0,1),(775,'昵称774',0,1),(776,'昵称775',0,1),(777,'昵称776',0,1),(778,'昵称777',0,1),(779,'昵称778',0,1),(780,'昵称779',0,1),(781,'昵称780',0,1),(782,'昵称781',0,1),(783,'昵称782',0,1),(784,'昵称783',0,1),(785,'昵称784',0,1),(786,'昵称785',0,1),(787,'昵称786',0,1),(788,'昵称787',0,1),(789,'昵称788',0,1),(790,'昵称789',0,1),(791,'昵称790',0,1),(792,'昵称791',0,1),(793,'昵称792',0,1),(794,'昵称793',0,1),(795,'昵称794',0,1),(796,'昵称795',0,1),(797,'昵称796',0,1),(798,'昵称797',0,1),(799,'昵称798',0,1),(800,'昵称799',0,1),(801,'昵称800',0,1),(802,'昵称801',0,1),(803,'昵称802',0,1),(804,'昵称803',0,1),(805,'昵称804',0,1),(806,'昵称805',0,1),(807,'昵称806',0,1),(808,'昵称807',0,1),(809,'昵称808',0,1),(810,'昵称809',0,1),(811,'昵称810',0,1),(812,'昵称811',0,1),(813,'昵称812',0,1),(814,'昵称813',0,1),(815,'昵称814',0,1),(816,'昵称815',0,1),(817,'昵称816',0,1),(818,'昵称817',0,1),(819,'昵称818',0,1),(820,'昵称819',0,1),(821,'昵称820',0,1),(822,'昵称821',0,1),(823,'昵称822',0,1),(824,'昵称823',0,1),(825,'昵称824',0,1),(826,'昵称825',0,1),(827,'昵称826',0,1),(828,'昵称827',0,1),(829,'昵称828',0,1),(830,'昵称829',0,1),(831,'昵称830',0,1),(832,'昵称831',0,1),(833,'昵称832',0,1),(834,'昵称833',0,1),(835,'昵称834',0,1),(836,'昵称835',0,1),(837,'昵称836',0,1),(838,'昵称837',0,1),(839,'昵称838',0,1),(840,'昵称839',0,1),(841,'昵称840',0,1),(842,'昵称841',0,1),(843,'昵称842',0,1),(844,'昵称843',0,1),(845,'昵称844',0,1),(846,'昵称845',0,1),(847,'昵称846',0,1),(848,'昵称847',0,1),(849,'昵称848',0,1),(850,'昵称849',0,1),(851,'昵称850',0,1),(852,'昵称851',0,1),(853,'昵称852',0,1),(854,'昵称853',0,1),(855,'昵称854',0,1),(856,'昵称855',0,1),(857,'昵称856',0,1),(858,'昵称857',0,1),(859,'昵称858',0,1),(860,'昵称859',0,1),(861,'昵称860',0,1),(862,'昵称861',0,1),(863,'昵称862',0,1),(864,'昵称863',0,1),(865,'昵称864',0,1),(866,'昵称865',0,1),(867,'昵称866',0,1),(868,'昵称867',0,1),(869,'昵称868',0,1),(870,'昵称869',0,1),(871,'昵称870',0,1),(872,'昵称871',0,1),(873,'昵称872',0,1),(874,'昵称873',0,1),(875,'昵称874',0,1),(876,'昵称875',0,1),(877,'昵称876',0,1),(878,'昵称877',0,1),(879,'昵称878',0,1),(880,'昵称879',0,1),(881,'昵称880',0,1),(882,'昵称881',0,1),(883,'昵称882',0,1),(884,'昵称883',0,1),(885,'昵称884',0,1),(886,'昵称885',0,1),(887,'昵称886',0,1),(888,'昵称887',0,1),(889,'昵称888',0,1),(890,'昵称889',0,1),(891,'昵称890',0,1),(892,'昵称891',0,1),(893,'昵称892',0,1),(894,'昵称893',0,1),(895,'昵称894',0,1),(896,'昵称895',0,1),(897,'昵称896',0,1),(898,'昵称897',0,1),(899,'昵称898',0,1),(900,'昵称899',0,1),(901,'昵称900',0,1),(902,'昵称901',0,1),(903,'昵称902',0,1),(904,'昵称903',0,1),(905,'昵称904',0,1),(906,'昵称905',0,1),(907,'昵称906',0,1),(908,'昵称907',0,1),(909,'昵称908',0,1),(910,'昵称909',0,1),(911,'昵称910',0,1),(912,'昵称911',0,1),(913,'昵称912',0,1),(914,'昵称913',0,1),(915,'昵称914',0,1),(916,'昵称915',0,1),(917,'昵称916',0,1),(918,'昵称917',0,1),(919,'昵称918',0,1),(920,'昵称919',0,1),(921,'昵称920',0,1),(922,'昵称921',0,1),(923,'昵称922',0,1),(924,'昵称923',0,1),(925,'昵称924',0,1),(926,'昵称925',0,1),(927,'昵称926',0,1),(928,'昵称927',0,1),(929,'昵称928',0,1),(930,'昵称929',0,1),(931,'昵称930',0,1),(932,'昵称931',0,1),(933,'昵称932',0,1),(934,'昵称933',0,1),(935,'昵称934',0,1),(936,'昵称935',0,1),(937,'昵称936',0,1),(938,'昵称937',0,1),(939,'昵称938',0,1),(940,'昵称939',0,1),(941,'昵称940',0,1),(942,'昵称941',0,1),(943,'昵称942',0,1),(944,'昵称943',0,1),(945,'昵称944',0,1),(946,'昵称945',0,1),(947,'昵称946',0,1),(948,'昵称947',0,1),(949,'昵称948',0,1),(950,'昵称949',0,1),(951,'昵称950',0,1),(952,'昵称951',0,1),(953,'昵称952',0,1),(954,'昵称953',0,1),(955,'昵称954',0,1),(956,'昵称955',0,1),(957,'昵称956',0,1),(958,'昵称957',0,1),(959,'昵称958',0,1),(960,'昵称959',0,1),(961,'昵称960',0,1),(962,'昵称961',0,1),(963,'昵称962',0,1),(964,'昵称963',0,1),(965,'昵称964',0,1),(966,'昵称965',0,1),(967,'昵称966',0,1),(968,'昵称967',0,1),(969,'昵称968',0,1),(970,'昵称969',0,1),(971,'昵称970',0,1),(972,'昵称971',0,1),(973,'昵称972',0,1),(974,'昵称973',0,1),(975,'昵称974',0,1),(976,'昵称975',0,1),(977,'昵称976',0,1),(978,'昵称977',0,1),(979,'昵称978',0,1),(980,'昵称979',0,1),(981,'昵称980',0,1),(982,'昵称981',0,1),(983,'昵称982',0,1),(984,'昵称983',0,1),(985,'昵称984',0,1),(986,'昵称985',0,1),(987,'昵称986',0,1),(988,'昵称987',0,1),(989,'昵称988',0,1),(990,'昵称989',0,1),(991,'昵称990',0,1),(992,'昵称991',0,1),(993,'昵称992',0,1),(994,'昵称993',0,1),(995,'昵称994',0,1),(996,'昵称995',0,1),(997,'昵称996',0,1),(998,'昵称997',0,1),(999,'昵称998',0,1),(1000,'昵称999',0,1);

/*Table structure for table `game_heros` */

DROP TABLE IF EXISTS `game_heros`;

CREATE TABLE `game_heros` (
  `id` int(10) NOT NULL AUTO_INCREMENT,
  `name` varchar(60) NOT NULL DEFAULT '' COMMENT 'hero name',
  `type` int(1) NOT NULL DEFAULT '0' COMMENT '1-DPS 2-tank',
  `baseLevel` int(1) NOT NULL DEFAULT '1',
  `xpNeeded` int(10) NOT NULL DEFAULT '0' COMMENT 'xp needed',
  `levelFillRate` decimal(10,2) NOT NULL DEFAULT '0.00' COMMENT 'level fill rate',
  `accumulated_xp` int(10) NOT NULL DEFAULT '0' COMMENT 'accumulated_xp',
  `hp` int(10) NOT NULL DEFAULT '0' COMMENT 'hp',
  `hpFillRate` int(10) NOT NULL DEFAULT '0' COMMENT 'hpFillRate',
  `attack` int(10) NOT NULL DEFAULT '0' COMMENT 'attack',
  `attLevelUpRate` int(10) NOT NULL DEFAULT '0' COMMENT 'attLevelUpRate',
  `defense` int(10) NOT NULL DEFAULT '0' COMMENT 'defense',
  `defLevelUpRate` int(10) NOT NULL DEFAULT '0' COMMENT 'DefLevelUpRate',
  `focus` varchar(60) NOT NULL DEFAULT '0-0' COMMENT 'focus',
  `focusMaxIncrement` int(10) NOT NULL DEFAULT '0' COMMENT 'focusMaxIncrement',
  `speedLevel` varchar(60) NOT NULL DEFAULT '0-0' COMMENT 'speedLevel',
  `speed` varchar(60) NOT NULL DEFAULT '0-0' COMMENT 'speed',
  `speedMaxIncrement` int(10) NOT NULL DEFAULT '0' COMMENT 'speedMaxIncrement',
  `dodge` varchar(60) NOT NULL DEFAULT '0-0' COMMENT 'dodge',
  `dodgeMaxIncrement` int(10) NOT NULL DEFAULT '0' COMMENT 'dodgeMaxIncrement',
  `criticalHit` varchar(60) NOT NULL DEFAULT '0-0' COMMENT 'criticalHit',
  `critHitMaxIncrement` int(10) NOT NULL DEFAULT '0' COMMENT 'critHitMaxIncrement',
  `critDamage` varchar(60) NOT NULL DEFAULT '0-0' COMMENT 'critDamage',
  `critDamageMaxIncrement` int(10) NOT NULL DEFAULT '0' COMMENT 'critDamageMaxIncrement',
  `block` varchar(60) NOT NULL DEFAULT '0-0' COMMENT 'block',
  `blockMaxIncrement` int(10) NOT NULL DEFAULT '0' COMMENT 'blockMaxIncrement',
  `counter` varchar(60) NOT NULL DEFAULT '0-0' COMMENT 'counter',
  `counterMaxIncrement` int(10) NOT NULL DEFAULT '0' COMMENT 'counterMaxIncrement',
  `photo` varchar(60) NOT NULL DEFAULT '' COMMENT 'photo',
  PRIMARY KEY (`id`)
) ENGINE=InnoDB AUTO_INCREMENT=12 DEFAULT CHARSET=utf8;

/*Data for the table `game_heros` */

insert  into `game_heros`(`id`,`name`,`type`,`baseLevel`,`xpNeeded`,`levelFillRate`,`accumulated_xp`,`hp`,`hpFillRate`,`attack`,`attLevelUpRate`,`defense`,`defLevelUpRate`,`focus`,`focusMaxIncrement`,`speedLevel`,`speed`,`speedMaxIncrement`,`dodge`,`dodgeMaxIncrement`,`criticalHit`,`critHitMaxIncrement`,`critDamage`,`critDamageMaxIncrement`,`block`,`blockMaxIncrement`,`counter`,`counterMaxIncrement`,`photo`) values (1,'Hero1',1,1,50,'10.00',0,200,7000,80,900,10,110,'1',34,'20','5000-2222',25,'0',10,'0',15,'40',55,'0',10,'0',15,'1'),(2,'Hero2',2,1,45,'9.30',0,260,9600,52,480,25,200,'1',24,'26','3846-1851',28,'0',12,'0',10,'44',33,'0',16,'0',9,'2'),(3,'Moon Princess',1,1,55,'10.30',0,175,5500,80,860,15,105,'1',31,'21','4761-2173',25,'0',9,'0',14,'50',35,'0',9,'0',14,'3'),(4,'Sun princess',1,1,44,'9.90',0,160,6500,80,830,15,100,'1',29,'21','4761-2127',26,'0',9,'0',16,'50',30,'0',8,'0',13,'4'),(5,'Chief',2,1,47,'9.50',0,250,9350,50,500,25,200,'1',23,'27','2703-1818',28,'0',11,'0',11,'40',30,'0',17,'0',10,'5'),(6,'Pupil',1,1,55,'10.50',0,180,6500,85,800,12,100,'1',29,'22','4545-2083',26,'0',9,'0',14,'50',30,'0',9,'0',16,'6'),(7,'Doctor sister',1,1,60,'11.00',0,180,6250,90,850,12,90,'1',31,'23','4347-2040',26,'0',11,'0',16,'50',30,'0',8,'0',17,'7'),(8,'Witch',1,1,65,'11.50',0,180,6350,95,900,12,85,'1',33,'24','4166-1960',27,'0',10,'0',18,'50',40,'0',7,'0',18,'8'),(9,'Fountain protector',2,1,53,'9.80',0,210,9200,55,550,30,220,'1',23,'28','2571-1785',28,'0',12,'0',12,'45',35,'0',18,'0',8,'9'),(10,'Time machine protector',2,1,55,'9.70',0,230,9500,60,600,35,250,'1',20,'29','3448-1694',30,'0',13,'0',13,'40',40,'0',19,'0',7,'10'),(11,'Volcano spirit',1,1,70,'12.00',0,180,5000,95,950,12,80,'1',35,'10','10000-4000',15,'0',8,'0',22,'60',30,'0',6,'0',20,'11');

/*Table structure for table `game_partners` */

DROP TABLE IF EXISTS `game_partners`;

CREATE TABLE `game_partners` (
  `id` int(10) NOT NULL AUTO_INCREMENT,
  `heroId` int(10) NOT NULL DEFAULT '0' COMMENT 'heroId',
  `level` int(10) NOT NULL DEFAULT '0' COMMENT 'level',
  `date` int(10) NOT NULL DEFAULT '0' COMMENT '日期',
  `bz` tinyint(1) NOT NULL DEFAULT '0' COMMENT '1 - 可用 2 - 不可用',
  `updateBz` tinyint(1) NOT NULL DEFAULT '1' COMMENT '1 - 新增 2 - 已更新到mysql',
  PRIMARY KEY (`id`)
) ENGINE=InnoDB AUTO_INCREMENT=12 DEFAULT CHARSET=utf8;

/*Data for the table `game_partners` */

insert  into `game_partners`(`id`,`heroId`,`level`,`date`,`bz`,`updateBz`) values (1,1,1,0,0,1),(2,2,1,0,0,1),(3,3,18,0,0,1),(4,4,6,0,0,1),(5,5,9,0,0,1),(6,6,12,0,0,1),(7,7,18,0,0,1),(8,8,25,0,0,1),(9,9,29,0,0,1),(10,10,36,0,0,1),(11,11,40,0,0,1);

/*Table structure for table `seaking_character` */

DROP TABLE IF EXISTS `seaking_character`;

CREATE TABLE `seaking_character` (
  `id` int(10) NOT NULL AUTO_INCREMENT,
  `uc_userId` varchar(60) NOT NULL DEFAULT '' COMMENT 'uc_userId',
  `mongoDbId` varchar(60) NOT NULL DEFAULT '' COMMENT 'mongoDbId',
  `registerType` varchar(60) NOT NULL DEFAULT '' COMMENT 'registerType',
  `loginName` varchar(60) NOT NULL DEFAULT '' COMMENT 'loginName',
  `characterId` int(10) NOT NULL DEFAULT '0' COMMENT 'redis中生成characterId',
  `cId` int(10) NOT NULL DEFAULT '0' COMMENT '選擇角色Id',
  `nickname` varchar(60) NOT NULL DEFAULT '' COMMENT '角色名称',
  `currentScene` int(10) NOT NULL DEFAULT '0' COMMENT '當前所在场景Id',
  `positionX` decimal(10,6) NOT NULL DEFAULT '0.000000' COMMENT '角色所在x軸坐標',
  `positionY` decimal(10,6) NOT NULL DEFAULT '0.000000' COMMENT '角色所在y軸坐標',
  `hp` decimal(16,6) NOT NULL DEFAULT '0.000000' COMMENT 'HP',
  `maxHp` decimal(16,6) NOT NULL DEFAULT '0.000000' COMMENT 'maxHp',
  `anger` decimal(16,6) NOT NULL DEFAULT '0.000000' COMMENT 'anger',
  `attack` decimal(16,6) NOT NULL DEFAULT '0.000000' COMMENT 'attack',
  `defense` decimal(16,6) NOT NULL DEFAULT '0.000000' COMMENT 'defense',
  `focus` decimal(16,6) NOT NULL DEFAULT '0.000000' COMMENT 'focus',
  `speed` decimal(16,6) NOT NULL DEFAULT '0.000000' COMMENT 'speed',
  `dodge` decimal(16,6) NOT NULL DEFAULT '0.000000' COMMENT 'dodge',
  `criticalHit` decimal(16,6) NOT NULL DEFAULT '0.000000' COMMENT 'criticalHit',
  `critDamage` decimal(16,6) NOT NULL DEFAULT '0.000000' COMMENT 'critDamage',
  `block` decimal(16,6) NOT NULL DEFAULT '0.000000' COMMENT 'block',
  `counter` decimal(16,6) NOT NULL DEFAULT '0.000000' COMMENT 'counter',
  `experience` int(10) NOT NULL DEFAULT '0' COMMENT '已获取的经验值',
  `activeSkills` varchar(1000) NOT NULL DEFAULT '' COMMENT '主动技能{"activeSkills":[]}',
  `passiveSkills` varchar(1000) NOT NULL DEFAULT '' COMMENT '被动技能',
  `equipments` text COMMENT '裝備{"equipments":[]}',
  `package` text COMMENT '包裹{"package":[]}',
  `formation` text COMMENT '陣型{"formation":[]}',
  `weapons` varchar(100) NOT NULL DEFAULT '' COMMENT '武器',
  `currentMainTask` varchar(100) NOT NULL DEFAULT '' COMMENT '{"taskId": 10100, "status": 0}',
  `currentBranchTask` varchar(100) NOT NULL DEFAULT '' COMMENT '{"taskId": 10100, "status": 0}',
  `currentDayTask` varchar(600) NOT NULL DEFAULT '' COMMENT '[{"taskId": 30201,"status": 2},30202,30203]',
  `currentExerciseTask` varchar(100) NOT NULL DEFAULT '' COMMENT '{"taskId": 10100, "status": 0}',
  `gift` text COMMENT '{"gift":[]}',
  `partners` text COMMENT '{"partners":[]}',
  `date` int(10) NOT NULL DEFAULT '0' COMMENT '日期',
  `bz` tinyint(1) NOT NULL DEFAULT '1' COMMENT '1 - 可用 2 - 不可用',
  `updateBz` tinyint(1) NOT NULL DEFAULT '1' COMMENT '1 - 新增 2 - 已更新到mysql',
  `money` int(10) NOT NULL DEFAULT '0' COMMENT '金幣',
  `gameCurrency` int(10) NOT NULL DEFAULT '0' COMMENT '游戏币',
  `induInfo` text NOT NULL COMMENT '用户副本数据',
  `level` int(10) NOT NULL DEFAULT '0' COMMENT 'level',
  `serverId` int(10) NOT NULL DEFAULT '0' COMMENT '服务器Id',
  `playerId` varchar(100) NOT NULL DEFAULT '0' COMMENT 'playerId',
  PRIMARY KEY (`id`),
  KEY `index_uc_userId` (`uc_userId`),
  KEY `index_mongoDbId` (`mongoDbId`),
  KEY `index_bz` (`bz`),
  KEY `index_updateBz` (`updateBz`)
) ENGINE=InnoDB DEFAULT CHARSET=utf8 COMMENT='角色信息表';

/*Data for the table `seaking_character` */

/*Table structure for table `seaking_character_arenarank` */

DROP TABLE IF EXISTS `seaking_character_arenarank`;

CREATE TABLE `seaking_character_arenarank` (
  `id` int(10) NOT NULL AUTO_INCREMENT,
  `serverId` int(10) NOT NULL DEFAULT '0' COMMENT 'serverId',
  `userId` int(10) NOT NULL DEFAULT '0' COMMENT 'userId',
  `registerType` int(10) NOT NULL DEFAULT '0' COMMENT 'registerType',
  `loginName` varchar(60) NOT NULL DEFAULT '' COMMENT 'loginName',
  `characterId` int(10) NOT NULL DEFAULT '0' COMMENT 'characterId',
  `rank` int(10) NOT NULL DEFAULT '0' COMMENT 'rank',
  `date` int(10) NOT NULL DEFAULT '0' COMMENT '日期',
  `bz` tinyint(1) NOT NULL DEFAULT '0' COMMENT '1 - 可用 2 - 不可用',
  `updateBz` tinyint(1) NOT NULL DEFAULT '1' COMMENT '1 - 新增 2 - 已更新到mysql',
  PRIMARY KEY (`id`)
) ENGINE=InnoDB DEFAULT CHARSET=utf8;

/*Data for the table `seaking_character_arenarank` */

/*Table structure for table `seaking_character_battle` */

DROP TABLE IF EXISTS `seaking_character_battle`;

CREATE TABLE `seaking_character_battle` (
  `id` int(10) NOT NULL AUTO_INCREMENT,
  `owner_formationData` varchar(60) NOT NULL DEFAULT '' COMMENT 'owner_formationData',
  `monster_formationData` varchar(60) NOT NULL DEFAULT '' COMMENT 'monster_formationData',
  `player` varchar(1000) NOT NULL DEFAULT '' COMMENT 'player',
  `monster` varchar(1000) NOT NULL DEFAULT '' COMMENT 'monster',
  `fightData` text NOT NULL COMMENT 'fightData',
  `date` int(10) NOT NULL DEFAULT '0' COMMENT '日期',
  `bz` tinyint(1) NOT NULL DEFAULT '0' COMMENT '1 - 可用 2 - 不可用',
  `updateBz` tinyint(1) NOT NULL DEFAULT '1' COMMENT '1 - 新增 2 - 已更新到mysql',
  `registerType` int(1) NOT NULL DEFAULT '0' COMMENT 'registerType',
  `loginName` varchar(60) NOT NULL DEFAULT '' COMMENT 'loginName',
  `characterId` int(10) NOT NULL DEFAULT '0' COMMENT '角色Id',
  `serverId` int(10) NOT NULL DEFAULT '0' COMMENT 'serverId',
  `battleId` int(10) NOT NULL DEFAULT '0' COMMENT 'battleId',
  PRIMARY KEY (`id`)
) ENGINE=InnoDB DEFAULT CHARSET=utf8;

/*Data for the table `seaking_character_battle` */

/*Table structure for table `seaking_character_friends` */

DROP TABLE IF EXISTS `seaking_character_friends`;

CREATE TABLE `seaking_character_friends` (
  `id` int(10) NOT NULL AUTO_INCREMENT,
  `serverId` int(10) NOT NULL DEFAULT '0' COMMENT 'serverId',
  `userId` int(10) NOT NULL DEFAULT '0' COMMENT 'userId',
  `registerType` int(10) NOT NULL DEFAULT '0' COMMENT 'registerType',
  `loginName` varchar(60) NOT NULL DEFAULT '' COMMENT 'loginName',
  `characterId` int(10) NOT NULL DEFAULT '0' COMMENT 'characterId',
  `fuserId` int(10) NOT NULL DEFAULT '0' COMMENT 'fuserId',
  `fRegisterType` int(10) NOT NULL DEFAULT '0' COMMENT 'fRegisterType',
  `fLoginName` varchar(60) NOT NULL DEFAULT '' COMMENT 'fLoginName',
  `fCharacterId` int(10) NOT NULL DEFAULT '0' COMMENT 'fCharacterId',
  `date` int(10) NOT NULL DEFAULT '0' COMMENT '日期',
  `bz` tinyint(1) NOT NULL DEFAULT '0' COMMENT '1 - 可用 2 - 不可用',
  `updateBz` tinyint(1) NOT NULL DEFAULT '1' COMMENT '1 - 新增 2 - 已更新到mysql',
  PRIMARY KEY (`id`)
) ENGINE=InnoDB DEFAULT CHARSET=utf8;

/*Data for the table `seaking_character_friends` */

/*Table structure for table `seaking_character_indu` */

DROP TABLE IF EXISTS `seaking_character_indu`;

CREATE TABLE `seaking_character_indu` (
  `id` int(10) NOT NULL AUTO_INCREMENT,
  `registerType` int(1) NOT NULL DEFAULT '0' COMMENT 'registerType',
  `loginName` varchar(60) NOT NULL DEFAULT '' COMMENT 'loginName',
  `characterId` int(10) NOT NULL DEFAULT '0' COMMENT '角色Id',
  `induId` varchar(60) NOT NULL DEFAULT '' COMMENT '副本Id',
  `induData` text NOT NULL,
  `date` bigint(16) NOT NULL DEFAULT '0' COMMENT '日期',
  `enterDate` bigint(16) NOT NULL DEFAULT '0' COMMENT '初次进入副本日期',
  `finishDate` bigint(16) NOT NULL DEFAULT '0' COMMENT '完成副本日期',
  `isFinished` int(1) NOT NULL DEFAULT '0' COMMENT '1 - 已完成',
  `serverId` int(1) NOT NULL DEFAULT '0' COMMENT 'serverId',
  PRIMARY KEY (`id`)
) ENGINE=InnoDB DEFAULT CHARSET=utf8 COMMENT='玩家副本表';

/*Data for the table `seaking_character_indu` */

/*Table structure for table `seaking_character_mail` */

DROP TABLE IF EXISTS `seaking_character_mail`;

CREATE TABLE `seaking_character_mail` (
  `id` int(10) NOT NULL AUTO_INCREMENT,
  `serverId` int(10) NOT NULL DEFAULT '0' COMMENT 'serverId',
  `fromUserId` int(10) NOT NULL DEFAULT '0' COMMENT 'fromUserId',
  `fromRegisterType` int(10) NOT NULL DEFAULT '0' COMMENT 'fromRegisterType',
  `fromLoginName` varchar(60) NOT NULL DEFAULT '' COMMENT 'fromLoginName',
  `fromCharacterId` int(10) NOT NULL DEFAULT '0' COMMENT 'fromCharacterId',
  `toUserId` int(10) NOT NULL DEFAULT '0' COMMENT 'toUserId',
  `toRegisterType` int(10) NOT NULL DEFAULT '0' COMMENT 'toRegisterType',
  `toLoginName` varchar(60) NOT NULL DEFAULT '' COMMENT 'toLoginName',
  `toCharacterId` int(10) NOT NULL DEFAULT '0' COMMENT 'toCharacterId',
  `title` varchar(60) NOT NULL DEFAULT '' COMMENT 'title',
  `time` bigint(16) NOT NULL DEFAULT '0' COMMENT 'time',
  `content` varchar(1000) NOT NULL DEFAULT '' COMMENT 'content',
  `type` int(1) NOT NULL DEFAULT '0' COMMENT 'type',
  `date` int(10) NOT NULL DEFAULT '0' COMMENT '日期',
  `bz` tinyint(1) NOT NULL DEFAULT '0' COMMENT '1 - 可用 2 - 不可用',
  `updateBz` tinyint(1) NOT NULL DEFAULT '1' COMMENT '1 - 新增 2 - 已更新到mysql',
  PRIMARY KEY (`id`)
) ENGINE=InnoDB DEFAULT CHARSET=utf8;

/*Data for the table `seaking_character_mail` */

/*Table structure for table `seaking_character_task` */

DROP TABLE IF EXISTS `seaking_character_task`;

CREATE TABLE `seaking_character_task` (
  `id` int(10) NOT NULL AUTO_INCREMENT,
  `characterId` int(10) NOT NULL DEFAULT '0' COMMENT 'characterId',
  `taskId` varchar(60) NOT NULL DEFAULT '' COMMENT 'taskId',
  `startTime` int(10) NOT NULL DEFAULT '0' COMMENT 'startTime',
  `status` int(1) NOT NULL DEFAULT '0' COMMENT 'status',
  `taskRecord` varchar(600) NOT NULL DEFAULT '' COMMENT 'taskRecord',
  `date` int(10) NOT NULL DEFAULT '0' COMMENT '日期',
  `bz` tinyint(1) NOT NULL DEFAULT '0' COMMENT '1 - 可用 2 - 不可用',
  `updateBz` tinyint(1) NOT NULL DEFAULT '1' COMMENT '1 - 新增 2 - 已更新到mysql',
  `registerType` int(1) NOT NULL DEFAULT '0' COMMENT 'registerType',
  `loginName` varchar(60) NOT NULL DEFAULT '' COMMENT 'loginName',
  `serverId` int(1) NOT NULL DEFAULT '0' COMMENT 'serverId',
  PRIMARY KEY (`id`)
) ENGINE=InnoDB DEFAULT CHARSET=utf8;

/*Data for the table `seaking_character_task` */

/*Table structure for table `seaking_city` */

DROP TABLE IF EXISTS `seaking_city`;

CREATE TABLE `seaking_city` (
  `id` int(10) NOT NULL AUTO_INCREMENT,
  `cityId` varchar(60) NOT NULL DEFAULT '' COMMENT 'cityId',
  `cityName` varchar(60) NOT NULL DEFAULT '' COMMENT 'cityName',
  `description` varchar(600) NOT NULL DEFAULT '' COMMENT 'description',
  `npcs` varchar(600) NOT NULL DEFAULT '' COMMENT 'npcs',
  `date` int(10) NOT NULL DEFAULT '0' COMMENT '日期',
  `bz` tinyint(1) NOT NULL DEFAULT '0' COMMENT '1 - 可用 2 - 不可用',
  `updateBz` tinyint(1) NOT NULL DEFAULT '1' COMMENT '1 - 新增 2 - 已更新到mysql',
  `level` int(10) NOT NULL DEFAULT '0' COMMENT 'level',
  `width` int(10) NOT NULL DEFAULT '0' COMMENT 'width',
  `height` int(10) NOT NULL DEFAULT '0' COMMENT 'height',
  `path` varchar(60) NOT NULL DEFAULT '' COMMENT 'path',
  `towerWidth` int(10) NOT NULL DEFAULT '0' COMMENT 'towerWidth',
  `towerHeight` int(10) NOT NULL DEFAULT '0' COMMENT 'towerHeight',
  PRIMARY KEY (`id`)
) ENGINE=InnoDB AUTO_INCREMENT=17 DEFAULT CHARSET=utf8;

/*Data for the table `seaking_city` */

insert  into `seaking_city`(`id`,`cityId`,`cityName`,`description`,`npcs`,`date`,`bz`,`updateBz`,`level`,`width`,`height`,`path`,`towerWidth`,`towerHeight`) values (1,'city01','新岛','失忆之城','[{\"npcId\":\"NPC0101\"},{\"npcId\":\"NPC0102\"}]',0,0,1,0,3072,4096,'/config/map/city01.json',300,300),(2,'city02','流风湾','废墟之城','[{\"npcId\":\"NPC0201\"},{\"npcId\":\"NPC0202\"},{\"npcId\":\"NPC0203\"},{\"npcId\":\"NPC0204\"},{\"npcId\":\"NPC0205\"},{\"npcId\":\"NPC0206\"}]',0,0,1,0,3072,4096,'/config/map/city02.json',300,300),(3,'city04','新岛','被毁灭的失忆之城','[]',0,0,1,0,3072,4096,'/config/map/city04.json',300,300),(4,'city06','极光城','极光之城','[{\"npcId\":\"NPC0601\"},{\"npcId\":\"NPC0602\"},{\"npcId\":\"NPC0603\"},{\"npcId\":\"NPC0604\"},{\"npcId\":\"NPC0605\"}]',0,0,1,0,3072,4096,'/config/map/city06.json',300,300),(5,'city03','双星城','双星城','[{\"npcId\":\"NPC0301\"},{\"npcId\":\"NPC0302\"},{\"npcId\":\"NPC0303\"},{\"npcId\":\"NPC0304\"},{\"npcId\":\"NPC0305\"},{\"npcId\":\"NPC0306\"},{\"npcId\":\"NPC0307\"},{\"npcId\":\"NPC0308\"}]',0,0,1,0,3072,4096,'/config/map/city03.json',300,300),(6,'city05','天外村','天外村','[{\"npcId\":\"NPC0501\"},{\"npcId\":\"NPC0502\"},{\"npcId\":\"NPC0503\"},{\"npcId\":\"NPC0504\"},{\"npcId\":\"NPC0505\"},{\"npcId\":\"NPC0506\"},{\"npcId\":\"NPC0507\"},{\"npcId\":\"NPC0508\"}]',0,0,1,0,3072,4096,'/config/map/city05.json',300,300),(7,'city07','丛林沼泽','丛林沼泽','[{\"npcId\":\"NPC0701\"},{\"npcId\":\"NPC0702\"},{\"npcId\":\"NPC0703\"},{\"npcId\":\"NPC0704\"},{\"npcId\":\"NPC0705\"}]',0,0,1,0,3072,4096,'/config/map/city07.json',300,300),(8,'city08','流沙古城','流沙古城','[{\"npcId\":\"NPC0801\"},{\"npcId\":\"NPC0802\"},{\"npcId\":\"NPC0803\"},{\"npcId\":\"NPC0804\"},{\"npcId\":\"NPC0805\"}]',0,0,1,0,3072,4096,'/config/map/city08.json',300,300),(9,'city10','炎城','崩坏的炎城','[{\"npcId\":\"NPC1001\"},{\"npcId\":\"NPC1002\"},{\"npcId\":\"NPC1003\"},{\"npcId\":\"NPC1004\"}]',0,0,1,0,3072,4096,'/config/map/city10.json',300,300),(10,'city09','炎城','炎城','[{\"npcId\":\"NPC0901\"},{\"npcId\":\"NPC0902\"},{\"npcId\":\"NPC0903\"},{\"npcId\":\"NPC0904\"},{\"npcId\":\"NPC0905\"},{\"npcId\":\"NPC0906\"}]',0,0,1,0,3072,4096,'/config/map/city09.json',300,300),(11,'city11','双星城','崩坏的双星城','[{\"npcId\":\"NPC1101\"},{\"npcId\":\"NPC1102\"},{\"npcId\":\"NPC1103\"},{\"npcId\":\"NPC1104\"},{\"npcId\":\"NPC1105\"},{\"npcId\":\"NPC1106\"}]',0,0,1,0,3072,4096,'/config/map/city11.json',300,300),(12,'city12','极光城','崩坏的极光之城','[{\"npcId\":\"NPC1201\"},{\"npcId\":\"NPC1202\"},{\"npcId\":\"NPC1203\"}]',0,0,1,0,3072,4096,'/config/map/city12.json',300,300),(13,'city13','新岛','被毁灭的失忆之城','[]',0,0,1,0,3072,4096,'/config/map/city13.json',300,300),(14,'city14','天外村','崩坏的天外村','[{\"npcId\":\"NPC1401\"},{\"npcId\":\"NPC1402\"},{\"npcId\":\"NPC1403\"},{\"npcId\":\"NPC1404\"},{\"npcId\":\"NPC1405\"}]',0,0,1,0,3072,4096,'/config/map/city14.json',300,300),(15,'city15','炎城','崩坏的炎城','[{\"npcId\":\"NPC1501\"},{\"npcId\":\"NPC1502\"},{\"npcId\":\"NPC1503\"},{\"npcId\":\"NPC1504\"}]',0,0,1,0,3072,4096,'/config/map/city15.json',300,300),(16,'city16','冰雪长城','冰雪长城','[{\"npcId\":\"NPC1601\"},{\"npcId\":\"NPC1602\"},{\"npcId\":\"NPC1603\"},{\"npcId\":\"NPC1604\"},{\"npcId\":\"NPC1605\"},{\"npcId\":\"NPC1606\"}]',0,0,1,0,3072,4096,'/config/map/city16.json',300,300);

/*Table structure for table `seaking_equipment` */

DROP TABLE IF EXISTS `seaking_equipment`;

CREATE TABLE `seaking_equipment` (
  `id` int(10) NOT NULL AUTO_INCREMENT,
  `equipmentId` varchar(60) NOT NULL DEFAULT '' COMMENT 'equipmentId',
  `equipmentName` varchar(60) NOT NULL DEFAULT '' COMMENT 'equipmentName',
  `resourcePath` varchar(60) NOT NULL DEFAULT '' COMMENT 'resourcePath',
  `quality` int(1) NOT NULL DEFAULT '1' COMMENT '1 - 白色 2 - 绿色 3 - 蓝色 4 - 紫色 5 - 金色',
  `level` int(10) NOT NULL DEFAULT '0' COMMENT 'level',
  `useLevel` int(10) NOT NULL DEFAULT '0' COMMENT 'useLevel',
  `isBinding` int(1) NOT NULL DEFAULT '1' COMMENT '0 - 否 1 - 是',
  `price` int(10) NOT NULL DEFAULT '0' COMMENT 'price',
  `destroyTime` bigint(16) NOT NULL DEFAULT '0' COMMENT 'destroyTime',
  `date` int(10) NOT NULL DEFAULT '0' COMMENT '日期',
  `bz` tinyint(1) NOT NULL DEFAULT '0' COMMENT '1 - 可用 2 - 不可用',
  `updateBz` tinyint(1) NOT NULL DEFAULT '1' COMMENT '1 - 新增 2 - 已更新到mysql',
  `description` varchar(600) NOT NULL DEFAULT '' COMMENT 'description',
  `lifeTime` bigint(16) NOT NULL DEFAULT '0' COMMENT 'liftTime',
  PRIMARY KEY (`id`)
) ENGINE=InnoDB AUTO_INCREMENT=183 DEFAULT CHARSET=utf8;

/*Data for the table `seaking_equipment` */

insert  into `seaking_equipment`(`id`,`equipmentId`,`equipmentName`,`resourcePath`,`quality`,`level`,`useLevel`,`isBinding`,`price`,`destroyTime`,`date`,`bz`,`updateBz`,`description`,`lifeTime`) values (1,'W0101','短剑','',0,0,1,1,50,-1,0,0,1,'',0),(2,'W0102','轻灵剑','',0,0,4,1,50,-1,0,0,1,'',0),(3,'W0103','风隐短刀','',0,0,8,1,50,-1,0,0,1,'',0),(4,'W0104','武之长剑','',0,0,12,1,50,-1,0,0,1,'',0),(5,'W0105','银刃火剑','',0,0,16,1,50,-1,0,0,1,'',0),(6,'W0106','圆月轻刀','',0,0,20,1,50,-1,0,0,1,'',0),(7,'W0107','亡语短刀','',0,0,24,1,50,-1,0,0,1,'',0),(8,'W0108','承师灵剑','',0,0,28,1,50,-1,0,0,1,'',0),(9,'W0109','龙吟古剑','',0,0,32,1,50,-1,0,0,1,'',0),(10,'W0110','诛神之剑','',0,0,36,1,50,-1,0,0,1,'',0),(11,'W0201','青竹','',0,0,1,1,50,-1,0,0,1,'',0),(12,'W0202','烧火棍','',0,0,4,1,50,-1,0,0,1,'',0),(13,'W0203','盘花短棍','',0,0,8,1,50,-1,0,0,1,'',0),(14,'W0204','墨竹杖','',0,0,12,1,50,-1,0,0,1,'',0),(15,'W0205','灵犀棒','',0,0,16,1,50,-1,0,0,1,'',0),(16,'W0206','冰火短棍','',0,0,20,1,50,-1,0,0,1,'',0),(17,'W0207','山鬼短棍','',0,0,24,1,50,-1,0,0,1,'',0),(18,'W0208','灵魔短棍','',0,0,28,1,50,-1,0,0,1,'',0),(19,'W0209','龙骨棍','',0,0,32,1,50,-1,0,0,1,'',0),(20,'W0210','神巫之臂','',0,0,36,1,50,-1,0,0,1,'',0),(21,'W0305','古玉刺','',0,0,16,1,50,-1,0,0,1,'',0),(22,'W0306','恶魂角刺','',0,0,20,1,50,-1,0,0,1,'',0),(23,'W0307','毒蝎之刺','',0,0,24,1,50,-1,0,0,1,'',0),(24,'W0308','灵鲨尖齿','',0,0,28,1,50,-1,0,0,1,'',0),(25,'W0309','冰魂刺','',0,0,32,1,50,-1,0,0,1,'',0),(26,'W0310','邪龙刺','',0,0,36,1,50,-1,0,0,1,'',0),(27,'W0402','白符石','',0,0,4,1,50,-1,0,0,1,'',0),(28,'W0403','青纹符石','',0,0,8,1,50,-1,0,0,1,'',0),(29,'W0404','蓝晶符石','',0,0,12,1,50,-1,0,0,1,'',0),(30,'W0405','紫魄符石','',0,0,16,1,50,-1,0,0,1,'',0),(31,'W0406','玲珑咒石','',0,0,20,1,50,-1,0,0,1,'',0),(32,'W0407','鬼魔符文','',0,0,24,1,50,-1,0,0,1,'',0),(33,'W0408','祭祀灵晶','',0,0,28,1,50,-1,0,0,1,'',0),(34,'W0409','火灵印记','',0,0,32,1,50,-1,0,0,1,'',0),(35,'W0410','古神印记','',0,0,36,1,50,-1,0,0,1,'',0),(36,'W0503','流风拳套 ','',0,0,8,1,50,-1,0,0,1,'',0),(37,'W0504','寒铁腕刃','',0,0,12,1,50,-1,0,0,1,'',0),(38,'W0505','紫金拳套','',0,0,16,1,50,-1,0,0,1,'',0),(39,'W0506','骄阳拳套','',0,0,20,1,50,-1,0,0,1,'',0),(40,'W0507','屠人手刃','',0,0,24,1,50,-1,0,0,1,'',0),(41,'W0508','骸骨幽爪','',0,0,28,1,50,-1,0,0,1,'',0),(42,'W0509','妖炎拳套','',0,0,32,1,50,-1,0,0,1,'',0),(43,'W0510','碧蓝怒火','',0,0,36,1,50,-1,0,0,1,'',0),(44,'W0604','琉璃瓶','',0,0,12,1,50,-1,0,0,1,'',0),(45,'W0605','古铜瓶','',0,0,16,1,50,-1,0,0,1,'',0),(46,'W0606','毒沙瓶','',0,0,20,1,50,-1,0,0,1,'',0),(47,'W0607','药心毒瓶','',0,0,24,1,50,-1,0,0,1,'',0),(48,'W0608','流星魔瓶','',0,0,28,1,50,-1,0,0,1,'',0),(49,'W0609','巫毒之瓶','',0,0,32,1,50,-1,0,0,1,'',0),(50,'W0610','水灵幻歌','',0,0,36,1,50,-1,0,0,1,'',0),(51,'W0705','银丝软鞭','',0,0,16,1,50,-1,0,0,1,'',0),(52,'W0706','恶鬼锁链','',0,0,20,1,50,-1,0,0,1,'',0),(53,'W0707','火蛇鞭','',0,0,24,1,50,-1,0,0,1,'',0),(54,'W0708','九星链刃','',0,0,28,1,50,-1,0,0,1,'',0),(55,'W0709','祭魂之链','',0,0,32,1,50,-1,0,0,1,'',0),(56,'W0710','荆棘之语','',0,0,36,1,50,-1,0,0,1,'',0),(57,'W0807','冰节杖','',0,0,24,1,50,-1,0,0,1,'',0),(58,'W0808','暗巫手杖','',0,0,28,1,50,-1,0,0,1,'',0),(59,'W0809','东南枝','',0,0,32,1,50,-1,0,0,1,'',0),(60,'W0810','月魔法杖','',0,0,36,1,50,-1,0,0,1,'',0),(61,'W1009','蚀时（之手）','',0,0,32,1,50,-1,0,0,1,'',0),(62,'W1010','滞空（之令）','',0,0,36,1,50,-1,0,0,1,'',0),(63,'W90101','试炼短袍','',0,0,2,1,50,-1,0,0,1,'',0),(64,'W90102','','',0,0,6,1,50,-1,0,0,1,'',0),(65,'W90103','斗士短袍','',0,0,10,1,50,-1,0,0,1,'',0),(66,'W90104','红色锁子甲','',0,0,14,1,50,-1,0,0,1,'',0),(67,'W90105','人狼斗篷','',0,0,18,1,50,-1,0,0,1,'',0),(68,'W90106','秘银长袍','',0,0,22,1,50,-1,0,0,1,'',0),(69,'W90107','','',0,0,26,1,50,-1,0,0,1,'',0),(70,'W90108','龙纹战袍','',0,0,30,1,50,-1,0,0,1,'',0),(71,'W90109','幻魔长袍','',0,0,34,1,50,-1,0,0,1,'',0),(72,'W90110','魔龙斗篷','',0,0,38,1,50,-1,0,0,1,'',0),(73,'W90201','','',0,0,2,1,50,-1,0,0,1,'',0),(74,'W90202','','',0,0,6,1,50,-1,0,0,1,'',0),(75,'W90203','斗士长裤','',0,0,10,1,50,-1,0,0,1,'',0),(76,'W90204','','',0,0,14,1,50,-1,0,0,1,'',0),(77,'W90205','','',0,0,18,1,50,-1,0,0,1,'',0),(78,'W90206','秘银长裤','',0,0,22,1,50,-1,0,0,1,'',0),(79,'W90207','','',0,0,26,1,50,-1,0,0,1,'',0),(80,'W90208','龙之长裤','',0,0,30,1,50,-1,0,0,1,'',0),(81,'W90209','','',0,0,34,1,50,-1,0,0,1,'',0),(82,'W90210','冰魂长裤','',0,0,38,1,50,-1,0,0,1,'',0),(83,'W90301','','',0,0,2,1,50,-1,0,0,1,'',0),(84,'W90302','','',0,0,6,1,50,-1,0,0,1,'',0),(85,'W90303','斗士之靴','',0,0,10,1,50,-1,0,0,1,'',0),(86,'W90304','血色长裤','',0,0,14,1,50,-1,0,0,1,'',0),(87,'W90305','作战长靴','',0,0,18,1,50,-1,0,0,1,'',0),(88,'W90306','秘银之靴','',0,0,22,1,50,-1,0,0,1,'',0),(89,'W90307','','',0,0,26,1,50,-1,0,0,1,'',0),(90,'W90308','','',0,0,30,1,50,-1,0,0,1,'',0),(91,'W90309','','',0,0,34,1,50,-1,0,0,1,'',0),(92,'W90310','魔灵靴','',0,0,38,1,50,-1,0,0,1,'',0),(93,'W90401','护身符','',0,0,2,1,50,-1,0,0,1,'',0),(94,'W90402','光辉护符','',0,0,6,1,50,-1,0,0,1,'',0),(95,'W90403','专注护符','',0,0,10,1,50,-1,0,0,1,'',0),(96,'W90404','幸运护符','',0,0,14,1,50,-1,0,0,1,'',0),(97,'W90405','荣耀护符','',0,0,18,1,50,-1,0,0,1,'',0),(98,'W90406','意志护符','',0,0,22,1,50,-1,0,0,1,'',0),(99,'W90407','寒冰护符','',0,0,26,1,50,-1,0,0,1,'',0),(100,'W90408','战魂护符','',0,0,30,1,50,-1,0,0,1,'',0),(101,'W90409','传承护符','',0,0,34,1,50,-1,0,0,1,'',0),(102,'W90410','深渊护符','',0,0,38,1,50,-1,0,0,1,'',0),(103,'W90501','学徒吊坠','',0,0,2,1,50,-1,0,0,1,'',0),(104,'W90502','白银项链','',0,0,6,1,50,-1,0,0,1,'',0),(105,'W90503','狼牙吊坠','',0,0,10,1,50,-1,0,0,1,'',0),(106,'W90504','流光项链','',0,0,14,1,50,-1,0,0,1,'',0),(107,'W90505','','',0,0,18,1,50,-1,0,0,1,'',0),(108,'W90506','项链','',0,0,22,1,50,-1,0,0,1,'',0),(109,'W90507','','',0,0,26,1,50,-1,0,0,1,'',0),(110,'W90508','龙牙项链','',0,0,30,1,50,-1,0,0,1,'',0),(111,'W90509','盘龙项链','',0,0,34,1,50,-1,0,0,1,'',0),(112,'W90510','','',0,0,38,1,50,-1,0,0,1,'',0),(113,'W90601','铁指环','',0,0,2,1,50,-1,0,0,1,'',0),(114,'W90602','白银指环','',0,0,6,1,50,-1,0,0,1,'',0),(115,'W90603','冒险者戒指','',0,0,10,1,50,-1,0,0,1,'',0),(116,'W90604','血色戒指','',0,0,14,1,50,-1,0,0,1,'',0),(117,'W90605','','',0,0,18,1,50,-1,0,0,1,'',0),(118,'W90606','','',0,0,22,1,50,-1,0,0,1,'',0),(119,'W90607','山鬼戒','',0,0,26,1,50,-1,0,0,1,'',0),(120,'W90608','极光戒指','',0,0,30,1,50,-1,0,0,1,'',0),(121,'W90609','王蛇戒','',0,0,34,1,50,-1,0,0,1,'',0),(122,'W90610','','',0,0,38,1,50,-1,0,0,1,'',0),(123,'W91101','','',0,0,2,1,50,-1,0,0,1,'',0),(124,'W91102','','',0,0,6,1,50,-1,0,0,1,'',0),(125,'W91103','','',0,0,10,1,50,-1,0,0,1,'',0),(126,'W91104','星纹长袍','',0,0,14,1,50,-1,0,0,1,'',0),(127,'W91105','魔纹长袍','',0,0,18,1,50,-1,0,0,1,'',0),(128,'W91106','','',0,0,22,1,50,-1,0,0,1,'',0),(129,'W91107','元素长袍','',0,0,26,1,50,-1,0,0,1,'',0),(130,'W91108','占星师长袍','',0,0,30,1,50,-1,0,0,1,'',0),(131,'W91109','冰雪长袍','',0,0,34,1,50,-1,0,0,1,'',0),(132,'W91110','月魔法袍','',0,0,38,1,50,-1,0,0,1,'',0),(133,'W91201','','',0,0,2,1,50,-1,0,0,1,'',0),(134,'W91202','','',0,0,6,1,50,-1,0,0,1,'',0),(135,'W91203','','',0,0,10,1,50,-1,0,0,1,'',0),(136,'W91204','星纹长裤','',0,0,14,1,50,-1,0,0,1,'',0),(137,'W91205','使徒的长裤','',0,0,18,1,50,-1,0,0,1,'',0),(138,'W91206','','',0,0,22,1,50,-1,0,0,1,'',0),(139,'W91207','暗巫长裤','',0,0,26,1,50,-1,0,0,1,'',0),(140,'W91208','','',0,0,30,1,50,-1,0,0,1,'',0),(141,'W91209','冰之裤','',0,0,34,1,50,-1,0,0,1,'',0),(142,'W91210','','',0,0,38,1,50,-1,0,0,1,'',0),(143,'W91301','','',0,0,2,1,50,-1,0,0,1,'',0),(144,'W91302','','',0,0,6,1,50,-1,0,0,1,'',0),(145,'W91303','','',0,0,10,1,50,-1,0,0,1,'',0),(146,'W91304','星纹短靴','',0,0,14,1,50,-1,0,0,1,'',0),(147,'W91305','法灵之靴','',0,0,18,1,50,-1,0,0,1,'',0),(148,'W91306','新月之靴','',0,0,22,1,50,-1,0,0,1,'',0),(149,'W91307','晶莹短靴','',0,0,26,1,50,-1,0,0,1,'',0),(150,'W91308','','',0,0,30,1,50,-1,0,0,1,'',0),(151,'W91309','冰魂短靴','',0,0,34,1,50,-1,0,0,1,'',0),(152,'W91310','水灵之靴','',0,0,38,1,50,-1,0,0,1,'',0),(153,'W91401','','',0,0,2,1,50,-1,0,0,1,'',0),(154,'W91402','','',0,0,6,1,50,-1,0,0,1,'',0),(155,'W91403','','',0,0,10,1,50,-1,0,0,1,'',0),(156,'W91404','黑珍珠护符','',0,0,14,1,50,-1,0,0,1,'',0),(157,'W91405','护符','',0,0,18,1,50,-1,0,0,1,'',0),(158,'W91406','恶鬼护符','',0,0,22,1,50,-1,0,0,1,'',0),(159,'W91407','古巫护符','',0,0,26,1,50,-1,0,0,1,'',0),(160,'W91408','元素护符','',0,0,30,1,50,-1,0,0,1,'',0),(161,'W91409','灵晶护符','',0,0,34,1,50,-1,0,0,1,'',0),(162,'W91410','冰之垂饰','',0,0,38,1,50,-1,0,0,1,'',0),(163,'W91501','','',0,0,2,1,50,-1,0,0,1,'',0),(164,'W91502','','',0,0,6,1,50,-1,0,0,1,'',0),(165,'W91503','','',0,0,10,1,50,-1,0,0,1,'',0),(166,'W91504','水晶吊坠','',0,0,14,1,50,-1,0,0,1,'',0),(167,'W91505','魔力项链','',0,0,18,1,50,-1,0,0,1,'',0),(168,'W91506','妖精的吊坠','',0,0,22,1,50,-1,0,0,1,'',0),(169,'W91507','元素项链','',0,0,26,1,50,-1,0,0,1,'',0),(170,'W91508','火蛇之心','',0,0,30,1,50,-1,0,0,1,'',0),(171,'W91509','大地结晶','',0,0,34,1,50,-1,0,0,1,'',0),(172,'W91510','魔龙之核','',0,0,38,1,50,-1,0,0,1,'',0),(173,'W91601','','',0,0,2,1,50,-1,0,0,1,'',0),(174,'W91602','','',0,0,6,1,50,-1,0,0,1,'',0),(175,'W91603','','',0,0,10,1,50,-1,0,0,1,'',0),(176,'W91604','','',0,0,14,1,50,-1,0,0,1,'',0),(177,'W91605','','',0,0,18,1,50,-1,0,0,1,'',0),(178,'W91606','','',0,0,22,1,50,-1,0,0,1,'',0),(179,'W91607','','',0,0,26,1,50,-1,0,0,1,'',0),(180,'W91608','','',0,0,30,1,50,-1,0,0,1,'',0),(181,'W91609','','',0,0,34,1,50,-1,0,0,1,'',0),(182,'W91610','','',0,0,38,1,50,-1,0,0,1,'',0);

/*Table structure for table `seaking_equipment_levelup` */

DROP TABLE IF EXISTS `seaking_equipment_levelup`;

CREATE TABLE `seaking_equipment_levelup` (
  `id` int(10) NOT NULL AUTO_INCREMENT,
  `equipmentId` varchar(60) NOT NULL DEFAULT '' COMMENT 'equipmentId',
  `strengthenLevel` int(10) NOT NULL DEFAULT '0' COMMENT 'strengthenLevel',
  `attack` int(10) NOT NULL DEFAULT '0' COMMENT 'attack',
  `attackPercentage` int(10) NOT NULL DEFAULT '0' COMMENT 'attackPercentage',
  `speedLevel` int(10) NOT NULL DEFAULT '0' COMMENT 'speedLevel',
  `speedLevelPercentage` int(10) NOT NULL DEFAULT '0' COMMENT 'speedLevelPercentage',
  `hp` int(10) NOT NULL DEFAULT '0' COMMENT 'hp',
  `hpPercentage` int(10) NOT NULL DEFAULT '0' COMMENT 'hpPercentage',
  `defense` int(10) NOT NULL DEFAULT '0' COMMENT 'defense',
  `defensePercentage` int(10) NOT NULL DEFAULT '0' COMMENT 'defensePercentage',
  `focus` int(10) NOT NULL DEFAULT '0' COMMENT 'focus',
  `criticalHit` int(10) NOT NULL DEFAULT '0' COMMENT 'criticalHit',
  `critDamage` int(10) NOT NULL DEFAULT '0' COMMENT 'critDamage',
  `dodge` int(10) NOT NULL DEFAULT '0' COMMENT 'dodge',
  `block` int(10) NOT NULL DEFAULT '0' COMMENT 'block',
  `counter` int(10) NOT NULL DEFAULT '0' COMMENT 'counter',
  `counterDamage` int(10) NOT NULL DEFAULT '0' COMMENT 'counterDamage',
  `stunt` int(10) NOT NULL DEFAULT '0' COMMENT 'stunt',
  `confusion` int(10) NOT NULL DEFAULT '0' COMMENT 'confusion',
  `upgradeMaterial` int(10) NOT NULL DEFAULT '0' COMMENT 'upgradeMaterial',
  `date` int(10) NOT NULL DEFAULT '0' COMMENT '日期',
  `bz` tinyint(1) NOT NULL DEFAULT '0' COMMENT '1 - 可用 2 - 不可用',
  `updateBz` tinyint(1) NOT NULL DEFAULT '1' COMMENT '1 - 新增 2 - 已更新到mysql',
  PRIMARY KEY (`id`)
) ENGINE=InnoDB AUTO_INCREMENT=369 DEFAULT CHARSET=utf8;

/*Data for the table `seaking_equipment_levelup` */

insert  into `seaking_equipment_levelup`(`id`,`equipmentId`,`strengthenLevel`,`attack`,`attackPercentage`,`speedLevel`,`speedLevelPercentage`,`hp`,`hpPercentage`,`defense`,`defensePercentage`,`focus`,`criticalHit`,`critDamage`,`dodge`,`block`,`counter`,`counterDamage`,`stunt`,`confusion`,`upgradeMaterial`,`date`,`bz`,`updateBz`) values (1,'W0101',1,16,0,0,0,0,0,0,0,0,0,0,0,0,0,0,0,0,0,0,0,1),(2,'W0101',2,21,0,2,0,0,0,0,0,0,0,0,0,0,0,0,0,0,0,0,0,1),(3,'W0101',3,26,0,4,0,10,0,0,0,0,0,0,0,0,0,0,0,0,0,0,0,1),(4,'W0101',4,30,0,6,0,20,0,0,0,0,0,0,0,0,0,0,0,0,0,0,0,1),(5,'W0102',1,27,0,0,0,5,0,0,0,0,0,0,0,0,0,0,0,0,0,0,0,1),(6,'W0102',2,35,0,0,0,5,0,0,0,0,5,0,0,0,0,0,0,0,0,0,0,1),(7,'W0102',3,43,0,0,0,10,0,0,0,0,10,0,0,0,0,0,0,0,0,0,0,1),(8,'W0102',4,51,0,0,0,10,0,0,0,0,15,0,0,0,0,0,0,0,0,0,0,1),(9,'W0103',1,45,0,0,0,0,0,0,0,0,0,0,0,0,0,0,3,0,0,0,0,1),(10,'W0103',2,58,0,0,0,0,0,0,0,5,0,0,0,0,0,0,0,0,0,0,0,1),(11,'W0103',3,72,0,0,0,0,0,0,0,15,0,0,0,0,0,0,0,0,0,0,0,1),(12,'W0103',4,85,0,0,0,0,0,0,0,30,0,0,0,0,0,0,0,0,0,0,0,1),(13,'W0104',1,76,0,0,0,0,0,0,0,0,0,0,0,0,0,0,0,0,0,0,0,1),(14,'W0104',2,98,0,0,0,0,0,0,0,0,0,0,0,0,5,0,0,0,0,0,0,1),(15,'W0104',3,121,0,0,0,0,0,0,0,0,0,0,0,5,10,0,0,0,0,0,0,1),(16,'W0104',4,144,0,0,0,0,0,0,0,0,0,0,0,10,15,0,0,0,0,0,0,1),(17,'W0105',1,129,0,1,0,0,0,0,0,0,0,0,0,0,0,0,0,0,0,0,0,1),(18,'W0105',2,167,0,3,0,0,0,0,0,0,0,0,0,0,0,0,0,0,0,0,0,1),(19,'W0105',3,206,0,6,0,0,0,0,0,0,0,0,5,0,0,0,0,0,0,0,0,1),(20,'W0105',4,245,0,10,0,0,0,0,0,0,0,0,10,0,0,0,0,0,0,0,0,1),(21,'W0106',1,219,0,0,0,0,0,0,0,0,0,0,0,10,0,0,0,0,0,0,0,1),(22,'W0106',2,284,0,0,0,0,0,5,0,0,0,0,0,15,0,0,0,0,0,0,0,1),(23,'W0106',3,350,0,0,0,0,0,10,0,0,0,0,0,20,0,0,0,0,0,0,0,1),(24,'W0106',4,416,0,0,0,0,0,20,0,0,0,0,0,30,0,0,0,0,0,0,0,1),(25,'W0107',1,372,0,0,0,0,0,0,0,0,0,0,0,0,0,0,5,0,0,0,0,1),(26,'W0107',2,483,10,0,0,0,0,0,0,0,0,0,0,0,0,0,8,0,0,0,0,1),(27,'W0107',3,595,25,0,0,0,0,0,0,0,0,0,0,0,0,0,12,0,0,0,0,1),(28,'W0107',4,706,40,0,0,0,0,0,0,0,0,0,0,0,0,0,15,0,0,0,0,1),(29,'W0108',1,632,0,0,0,0,0,0,0,0,0,0,0,0,0,0,10,0,0,0,0,1),(30,'W0108',2,821,0,0,0,0,0,0,0,10,0,0,0,0,0,0,15,0,0,0,0,1),(31,'W0108',3,1011,0,0,0,0,0,0,0,20,0,0,0,0,0,0,15,10,0,0,0,1),(32,'W0108',4,1200,0,0,0,0,0,0,0,30,0,0,0,0,0,0,15,15,0,0,0,1),(33,'W0109',1,1074,0,0,0,0,0,0,0,0,0,0,0,0,0,0,0,0,0,0,0,1),(34,'W0109',2,1396,0,0,0,0,0,0,0,0,15,0,0,0,0,0,0,0,0,0,0,1),(35,'W0109',3,1718,0,0,0,0,0,0,0,15,20,0,0,0,0,0,0,0,0,0,0,1),(36,'W0109',4,2040,15,0,0,0,0,0,0,20,25,0,0,0,0,0,0,0,0,0,0,1),(37,'W0110',1,1825,0,0,0,10,0,0,0,0,0,0,0,0,0,0,0,0,0,0,0,1),(38,'W0110',2,2372,0,0,0,15,0,0,0,0,0,0,0,0,0,0,0,0,0,0,0,1),(39,'W0110',3,2920,0,0,0,20,0,0,0,0,0,0,10,0,0,0,0,0,0,0,0,1),(40,'W0110',4,3467,0,0,0,25,0,0,0,0,0,0,15,0,25,0,0,0,0,0,0,1),(41,'W0201',1,8,0,0,0,0,0,0,0,0,0,0,0,0,0,0,0,0,0,0,0,1),(42,'W0201',2,10,0,2,0,0,0,0,0,0,0,0,0,0,0,0,0,0,0,0,0,1),(43,'W0201',3,12,0,4,0,0,10,0,0,0,0,0,0,0,0,0,0,0,0,0,0,1),(44,'W0201',4,15,0,6,0,0,20,0,0,0,0,0,0,0,0,0,0,0,0,0,0,1),(45,'W0202',1,13,0,0,0,0,5,0,0,0,0,0,0,0,0,0,0,0,0,0,0,1),(46,'W0202',2,16,0,0,0,0,5,0,0,0,5,0,0,0,0,0,0,0,0,0,0,1),(47,'W0202',3,20,0,0,0,0,10,0,0,0,10,0,0,0,0,0,0,0,0,0,0,1),(48,'W0202',4,24,0,0,0,0,10,0,0,0,15,0,0,0,0,0,0,0,0,0,0,1),(49,'W0203',1,22,0,0,0,0,0,0,0,0,0,0,0,0,0,0,3,0,0,0,0,1),(50,'W0203',2,28,0,0,0,0,0,0,0,5,0,0,0,0,0,0,0,0,0,0,0,1),(51,'W0203',3,35,0,0,0,0,0,0,0,15,0,0,0,0,0,0,0,0,0,0,0,1),(52,'W0203',4,41,0,0,0,0,0,0,0,30,0,0,0,0,0,0,0,0,0,0,0,1),(53,'W0204',1,37,0,0,0,0,0,0,0,0,0,0,0,0,0,0,0,0,0,0,0,1),(54,'W0204',2,48,0,0,0,0,0,0,0,0,0,0,0,0,5,0,0,0,0,0,0,1),(55,'W0204',3,59,0,0,0,0,0,0,0,0,0,0,0,5,10,0,0,0,0,0,0,1),(56,'W0204',4,70,0,0,0,0,0,0,0,0,0,0,0,10,15,0,0,0,0,0,0,1),(57,'W0205',1,62,0,1,0,0,0,0,0,0,0,0,0,0,0,0,0,0,0,0,0,1),(58,'W0205',2,80,0,3,0,0,0,0,0,0,0,0,0,0,0,0,0,0,0,0,0,1),(59,'W0205',3,99,0,6,0,0,0,0,0,0,0,0,5,0,0,0,0,0,0,0,0,1),(60,'W0205',4,117,0,10,0,0,0,0,0,0,0,0,10,0,0,0,0,0,0,0,0,1),(61,'W0206',1,105,0,0,0,0,0,0,0,0,0,0,0,10,0,0,0,0,0,0,0,1),(62,'W0206',2,136,0,0,0,0,0,5,0,0,0,0,0,15,0,0,0,0,0,0,0,1),(63,'W0206',3,168,0,0,0,0,0,10,0,0,0,0,0,20,0,0,0,0,0,0,0,1),(64,'W0206',4,199,0,0,0,0,0,20,0,0,0,0,0,30,0,0,0,0,0,0,0,1),(65,'W0207',1,178,0,0,0,0,0,0,0,0,0,0,0,0,0,0,5,0,0,0,0,1),(66,'W0207',2,231,10,0,0,0,0,0,0,0,0,0,0,0,0,0,8,0,0,0,0,1),(67,'W0207',3,284,25,0,0,0,0,0,0,0,0,0,0,0,0,0,12,0,0,0,0,1),(68,'W0207',4,338,40,0,0,0,0,0,0,0,0,0,0,0,0,0,15,0,0,0,0,1),(69,'W0208',1,302,0,0,0,0,0,0,0,0,0,0,0,0,0,0,10,0,0,0,0,1),(70,'W0208',2,392,0,0,0,0,0,0,0,10,0,0,0,0,0,0,15,0,0,0,0,1),(71,'W0208',3,483,0,0,0,0,0,0,0,20,0,0,0,0,0,0,15,10,0,0,0,1),(72,'W0208',4,573,0,0,0,0,0,0,0,30,0,0,0,0,0,0,15,15,0,0,0,1),(73,'W0209',1,513,0,0,0,0,0,0,0,0,0,0,0,0,0,0,0,0,0,0,0,1),(74,'W0209',2,666,0,0,0,0,0,0,0,0,15,0,0,0,0,0,0,0,0,0,0,1),(75,'W0209',3,820,0,0,0,0,0,0,0,15,20,0,0,0,0,0,0,0,0,0,0,1),(76,'W0209',4,974,15,0,0,0,0,0,0,20,25,0,0,0,0,0,0,0,0,0,0,1),(77,'W0210',1,872,0,0,0,0,10,0,0,0,0,0,0,0,0,0,0,0,0,0,0,1),(78,'W0210',2,1133,0,0,0,0,15,0,0,0,0,0,0,0,0,0,0,0,0,0,0,1),(79,'W0210',3,1395,0,0,0,0,20,0,0,0,0,0,10,0,0,0,0,0,0,0,0,1),(80,'W0210',4,1656,0,0,0,0,25,0,0,0,0,0,15,0,25,0,0,0,0,0,0,1),(81,'W0305',1,125,0,1,0,0,0,0,0,0,0,0,0,0,0,0,0,0,0,0,0,1),(82,'W0305',2,162,0,3,0,0,0,0,0,0,0,0,0,0,0,0,0,0,0,0,0,1),(83,'W0305',3,200,0,6,0,0,0,0,0,0,0,0,5,0,0,0,0,0,0,0,0,1),(84,'W0305',4,237,0,10,0,0,0,0,0,0,0,0,10,0,0,0,0,0,0,0,0,1),(85,'W0306',1,212,0,0,0,0,0,0,0,0,0,0,0,10,0,0,0,0,0,0,0,1),(86,'W0306',2,275,0,0,0,0,0,5,0,0,0,0,0,15,0,0,0,0,0,0,0,1),(87,'W0306',3,339,0,0,0,0,0,10,0,0,0,0,0,20,0,0,0,0,0,0,0,1),(88,'W0306',4,402,0,0,0,0,0,20,0,0,0,0,0,30,0,0,0,0,0,0,0,1),(89,'W0307',1,360,0,0,0,0,0,0,0,0,0,0,0,0,0,0,5,0,0,0,0,1),(90,'W0307',2,468,0,10,0,0,0,0,0,0,0,0,0,0,0,0,8,0,0,0,0,1),(91,'W0307',3,576,0,25,0,0,0,0,0,0,0,0,0,0,0,0,12,0,0,0,0,1),(92,'W0307',4,684,0,40,0,0,0,0,0,0,0,0,0,0,0,0,15,0,0,0,0,1),(93,'W0308',1,612,0,0,0,0,0,0,0,0,0,0,0,0,0,0,10,0,0,0,0,1),(94,'W0308',2,795,0,0,0,0,0,0,0,10,0,0,0,0,0,0,15,0,0,0,0,1),(95,'W0308',3,979,0,0,0,0,0,0,0,20,0,0,0,0,0,0,15,10,0,0,0,1),(96,'W0308',4,1162,0,0,0,0,0,0,0,30,0,0,0,0,0,0,15,15,0,0,0,1),(97,'W0309',1,1040,0,0,0,0,0,0,0,0,0,0,0,0,0,0,0,0,0,0,0,1),(98,'W0309',2,1352,0,0,0,0,0,0,0,0,15,0,0,0,0,0,0,0,0,0,0,1),(99,'W0309',3,1664,0,0,0,0,0,0,0,15,20,0,0,0,0,0,0,0,0,0,0,1),(100,'W0309',4,1976,15,0,0,0,0,0,0,20,25,0,0,0,0,0,0,0,0,0,0,1),(101,'W0310',1,1768,0,0,0,0,10,0,0,0,0,0,0,0,0,0,0,0,0,0,0,1),(102,'W0310',2,2298,0,0,0,0,15,0,0,0,0,0,0,0,0,0,0,0,0,0,0,1),(103,'W0310',3,2828,0,0,0,0,20,0,0,0,0,0,10,0,0,0,0,0,0,0,0,1),(104,'W0310',4,3359,0,0,0,0,25,0,0,0,0,0,15,0,25,0,0,0,0,0,0,1),(105,'W0402',1,24,0,0,0,0,5,0,0,0,0,0,0,0,0,0,0,0,0,0,0,1),(106,'W0402',2,31,0,0,0,0,5,0,0,0,5,0,0,0,0,0,0,0,0,0,0,1),(107,'W0402',3,38,0,0,0,0,10,0,0,0,10,0,0,0,0,0,0,0,0,0,0,1),(108,'W0402',4,45,0,0,0,0,10,0,0,0,15,0,0,0,0,0,0,0,0,0,0,1),(109,'W0403',1,40,0,0,0,0,0,0,0,0,0,0,0,0,0,0,3,0,0,0,0,1),(110,'W0403',2,52,0,0,0,0,0,0,0,5,0,0,0,0,0,0,0,0,0,0,0,1),(111,'W0403',3,64,0,0,0,0,0,0,0,15,0,0,0,0,0,0,0,0,0,0,0,1),(112,'W0403',4,76,0,0,0,0,0,0,0,30,0,0,0,0,0,0,0,0,0,0,0,1),(113,'W0404',1,68,0,0,0,0,0,0,0,0,0,0,0,0,0,0,0,0,0,0,0,1),(114,'W0404',2,88,0,0,0,0,0,0,0,0,0,0,0,0,5,0,0,0,0,0,0,1),(115,'W0404',3,108,0,0,0,0,0,0,0,0,0,0,0,5,10,0,0,0,0,0,0,1),(116,'W0404',4,129,0,0,0,0,0,0,0,0,0,0,0,10,15,0,0,0,0,0,0,1),(117,'W0405',1,115,0,1,0,0,0,0,0,0,0,0,0,0,0,0,0,0,0,0,0,1),(118,'W0405',2,149,0,3,0,0,0,0,0,0,0,0,0,0,0,0,0,0,0,0,0,1),(119,'W0405',3,184,0,6,0,0,0,0,0,0,0,0,5,0,0,0,0,0,0,0,0,1),(120,'W0405',4,218,0,10,0,0,0,0,0,0,0,0,10,0,0,0,0,0,0,0,0,1),(121,'W0406',1,195,0,0,0,0,0,0,0,0,0,0,0,10,0,0,0,0,0,0,0,1),(122,'W0406',2,253,0,0,0,0,0,5,0,0,0,0,0,15,0,0,0,0,0,0,0,1),(123,'W0406',3,312,0,0,0,0,0,10,0,0,0,0,0,20,0,0,0,0,0,0,0,1),(124,'W0406',4,370,0,0,0,0,0,20,0,0,0,0,0,30,0,0,0,0,0,0,0,1),(125,'W0407',1,331,0,0,0,0,0,0,0,0,0,0,0,0,0,0,5,0,0,0,0,1),(126,'W0407',2,430,10,0,0,0,0,0,0,0,0,0,0,0,0,0,8,0,0,0,0,1),(127,'W0407',3,529,25,0,0,0,0,0,0,0,0,0,0,0,0,0,12,0,0,0,0,1),(128,'W0407',4,628,40,0,0,0,0,0,0,0,0,0,0,0,0,0,15,0,0,0,0,1),(129,'W0408',1,562,0,0,0,0,0,0,0,0,0,0,0,0,0,0,10,0,0,0,0,1),(130,'W0408',2,730,0,0,0,0,0,0,0,10,0,0,0,0,0,0,15,0,0,0,0,1),(131,'W0408',3,899,0,0,0,0,0,0,0,20,0,0,0,0,0,0,15,10,0,0,0,1),(132,'W0408',4,1067,0,0,0,0,0,0,0,30,0,0,0,0,0,0,15,15,0,0,0,1),(133,'W0409',1,955,0,0,0,0,0,0,0,0,0,0,0,0,0,0,0,0,0,0,0,1),(134,'W0409',2,1241,0,0,0,0,0,0,0,0,15,0,0,0,0,0,0,0,0,0,0,1),(135,'W0409',3,1528,0,0,0,0,0,0,0,15,20,0,0,0,0,0,0,0,0,0,0,1),(136,'W0409',4,1814,15,0,0,0,0,0,0,20,25,0,0,0,0,0,0,0,0,0,0,1),(137,'W0410',1,1623,0,0,0,0,10,0,0,0,0,0,0,0,0,0,0,0,0,0,0,1),(138,'W0410',2,2109,0,0,0,0,15,0,0,0,0,0,0,0,0,0,0,0,0,0,0,1),(139,'W0410',3,2596,0,0,0,0,20,0,0,0,0,0,10,0,0,0,0,0,0,0,0,1),(140,'W0410',4,3083,0,0,0,0,25,0,0,0,0,0,15,0,25,0,0,0,0,0,0,1),(141,'W0503',1,20,0,0,0,0,0,0,0,0,0,0,0,0,0,0,3,0,0,0,0,1),(142,'W0503',2,26,0,0,0,0,0,0,0,5,0,0,0,0,0,0,0,0,0,0,0,1),(143,'W0503',3,32,0,0,0,0,0,0,0,15,0,0,0,0,0,0,0,0,0,0,0,1),(144,'W0503',4,38,0,0,0,0,0,0,0,30,0,0,0,0,0,0,0,0,0,0,0,1),(145,'W0504',1,34,0,0,0,0,0,0,0,0,0,0,0,0,0,0,0,0,0,0,0,1),(146,'W0504',2,44,0,0,0,0,0,0,0,0,0,0,0,0,5,0,0,0,0,0,0,1),(147,'W0504',3,54,0,0,0,0,0,0,0,0,0,0,0,5,10,0,0,0,0,0,0,1),(148,'W0504',4,64,0,0,0,0,0,0,0,0,0,0,0,10,15,0,0,0,0,0,0,1),(149,'W0505',1,57,0,1,0,0,0,0,0,0,0,0,0,0,0,0,0,0,0,0,0,1),(150,'W0505',2,74,0,3,0,0,0,0,0,0,0,0,0,0,0,0,0,0,0,0,0,1),(151,'W0505',3,91,0,6,0,0,0,0,0,0,0,0,5,0,0,0,0,0,0,0,0,1),(152,'W0505',4,108,0,10,0,0,0,0,0,0,0,0,10,0,0,0,0,0,0,0,0,1),(153,'W0506',1,96,0,0,0,0,0,0,0,0,0,0,0,10,0,0,0,0,0,0,0,1),(154,'W0506',2,124,0,0,0,0,0,5,0,0,0,0,0,15,0,0,0,0,0,0,0,1),(155,'W0506',3,153,0,0,0,0,0,10,0,0,0,0,0,20,0,0,0,0,0,0,0,1),(156,'W0506',4,182,0,0,0,0,0,20,0,0,0,0,0,30,0,0,0,0,0,0,0,1),(157,'W0507',1,163,0,0,0,0,0,0,0,0,0,0,0,0,0,0,5,0,0,0,0,1),(158,'W0507',2,211,10,0,0,0,0,0,0,0,0,0,0,0,0,0,8,0,0,0,0,1),(159,'W0507',3,260,25,0,0,0,0,0,0,0,0,0,0,0,0,0,12,0,0,0,0,1),(160,'W0507',4,309,40,0,0,0,0,0,0,0,0,0,0,0,0,0,15,0,0,0,0,1),(161,'W0508',1,277,0,0,0,0,0,0,0,0,0,0,0,0,0,0,10,0,0,0,0,1),(162,'W0508',2,360,0,0,0,0,0,0,0,10,0,0,0,0,0,0,15,0,0,0,0,1),(163,'W0508',3,443,0,0,0,0,0,0,0,20,0,0,0,0,0,0,15,10,0,0,0,1),(164,'W0508',4,526,0,0,0,0,0,0,0,30,0,0,0,0,0,0,15,15,0,0,0,1),(165,'W0509',1,470,0,0,0,0,0,0,0,0,0,0,0,0,0,0,0,0,0,0,0,1),(166,'W0509',2,4,0,0,0,0,0,0,0,0,15,0,0,0,0,0,0,0,0,0,0,1),(167,'W0509',3,752,0,0,0,0,0,0,0,15,20,0,0,0,0,0,0,0,0,0,0,1),(168,'W0509',4,893,15,0,0,0,0,0,0,20,25,0,0,0,0,0,0,0,0,0,0,1),(169,'W0510',1,799,0,0,0,0,10,0,0,0,0,0,0,0,0,0,0,0,0,0,0,1),(170,'W0510',2,1038,0,0,0,0,15,0,0,0,0,0,0,0,0,0,0,0,0,0,0,1),(171,'W0510',3,1278,0,0,0,0,20,0,0,0,0,0,10,0,0,0,0,0,0,0,0,1),(172,'W0510',4,1518,0,0,0,0,25,0,0,0,0,0,15,0,0,0,0,25,0,0,0,1),(173,'W0604',1,71,0,0,0,0,0,0,0,0,0,0,0,0,0,0,0,0,0,0,0,1),(174,'W0604',2,92,0,0,0,0,0,0,0,0,0,0,0,0,0,0,0,0,0,0,0,1),(175,'W0604',3,113,0,0,0,0,0,0,0,0,0,0,0,0,0,0,0,0,0,0,0,1),(176,'W0604',4,134,0,0,0,0,0,0,0,0,0,0,0,0,0,0,0,0,0,0,0,1),(177,'W0605',1,120,0,0,0,0,0,0,0,0,0,0,0,0,0,0,0,0,0,0,0,1),(178,'W0605',2,156,0,0,0,0,0,0,0,0,0,0,0,0,0,0,0,0,0,0,0,1),(179,'W0605',3,192,0,0,0,0,0,0,0,0,0,0,0,0,0,0,0,0,0,0,0,1),(180,'W0605',4,228,0,0,0,0,0,0,0,0,0,0,0,0,0,0,0,0,0,0,0,1),(181,'W0606',1,204,0,0,0,0,0,0,0,0,0,0,0,0,0,0,0,0,0,0,0,1),(182,'W0606',2,265,0,0,0,0,0,0,0,0,0,0,0,0,0,0,0,0,0,0,0,1),(183,'W0606',3,326,0,0,0,0,0,0,0,0,0,0,0,0,0,0,0,0,0,0,0,1),(184,'W0606',4,387,0,0,0,0,0,0,0,0,0,0,0,0,0,0,0,0,0,0,0,1),(185,'W0607',1,346,0,0,0,0,0,0,0,0,0,0,0,0,0,0,0,0,0,0,0,1),(186,'W0607',2,449,0,0,0,0,0,0,0,0,0,0,0,0,0,0,0,0,0,0,0,1),(187,'W0607',3,553,0,0,0,0,0,0,0,0,0,0,0,0,0,0,0,0,0,0,0,1),(188,'W0607',4,657,0,0,0,0,0,0,0,0,0,0,0,0,0,0,0,0,0,0,0,1),(189,'W0608',1,588,0,0,0,0,0,0,0,0,0,0,0,0,0,0,0,0,0,0,0,1),(190,'W0608',2,764,0,0,0,0,0,0,0,0,0,0,0,0,0,0,0,0,0,0,0,1),(191,'W0608',3,940,0,0,0,0,0,0,0,0,0,0,0,0,0,0,0,0,0,0,0,1),(192,'W0608',4,1117,0,0,0,0,0,0,0,0,0,0,0,0,0,0,0,0,0,0,0,1),(193,'W0609',1,999,0,0,0,0,0,0,0,0,0,0,0,0,0,0,0,0,0,0,0,1),(194,'W0609',2,1298,0,0,0,0,0,0,0,0,0,0,0,0,0,0,0,0,0,0,0,1),(195,'W0609',3,1598,0,0,0,0,0,0,0,0,0,0,0,0,0,0,0,0,0,0,0,1),(196,'W0609',4,1898,0,0,0,0,0,0,0,0,0,0,0,0,0,0,0,0,0,0,0,1),(197,'W0610',1,1698,0,0,0,0,0,0,0,0,0,0,0,0,0,0,0,0,0,0,0,1),(198,'W0610',2,2207,0,0,0,0,0,0,0,0,0,0,0,0,0,0,0,0,0,0,0,1),(199,'W0610',3,2716,0,0,0,0,0,0,0,0,0,0,0,0,0,0,0,0,0,0,0,1),(200,'W0610',4,3226,0,0,0,0,0,0,0,0,0,0,0,0,0,0,0,0,0,0,0,1),(201,'W0705',1,112,0,0,0,0,0,0,0,0,0,0,0,0,0,0,0,0,0,0,0,1),(202,'W0705',2,145,0,0,0,0,0,0,0,0,0,0,0,0,0,0,0,0,0,0,0,1),(203,'W0705',3,179,0,0,0,0,0,0,0,0,0,0,0,0,0,0,0,0,0,0,0,1),(204,'W0705',4,212,0,0,0,0,0,0,0,0,0,0,0,0,0,0,0,0,0,0,0,1),(205,'W0706',1,190,0,0,0,0,0,0,0,0,0,0,0,0,0,0,0,0,0,0,0,1),(206,'W0706',2,247,0,0,0,0,0,0,0,0,0,0,0,0,0,0,0,0,0,0,0,1),(207,'W0706',3,304,0,0,0,0,0,0,0,0,0,0,0,0,0,0,0,0,0,0,0,1),(208,'W0706',4,361,0,0,0,0,0,0,0,0,0,0,0,0,0,0,0,0,0,0,0,1),(209,'W0707',1,323,0,0,0,0,0,0,0,0,0,0,0,0,0,0,0,0,0,0,0,1),(210,'W0707',2,419,0,0,0,0,0,0,0,0,0,0,0,0,0,0,0,0,0,0,0,1),(211,'W0707',3,516,0,0,0,0,0,0,0,0,0,0,0,0,0,0,0,0,0,0,0,1),(212,'W0707',4,613,0,0,0,0,0,0,0,0,0,0,0,0,0,0,0,0,0,0,0,1),(213,'W0708',1,549,0,0,0,0,0,0,0,0,0,0,0,0,0,0,0,0,0,0,0,1),(214,'W0708',2,713,0,0,0,0,0,0,0,0,0,0,0,0,0,0,0,0,0,0,0,1),(215,'W0708',3,878,0,0,0,0,0,0,0,0,0,0,0,0,0,0,0,0,0,0,0,1),(216,'W0708',4,1043,0,0,0,0,0,0,0,0,0,0,0,0,0,0,0,0,0,0,0,1),(217,'W0709',1,933,0,0,0,0,0,0,0,0,0,0,0,0,0,0,0,0,0,0,0,1),(218,'W0709',2,1212,0,0,0,0,0,0,0,0,0,0,0,0,0,0,0,0,0,0,0,1),(219,'W0709',3,1492,0,0,0,0,0,0,0,0,0,0,0,0,0,0,0,0,0,0,0,1),(220,'W0709',4,1772,0,0,0,0,0,0,0,0,0,0,0,0,0,0,0,0,0,0,0,1),(221,'W0710',1,1586,0,0,0,0,0,0,0,0,0,0,0,0,0,0,0,0,0,0,0,1),(222,'W0710',2,2061,0,0,0,0,0,0,0,0,0,0,0,0,0,0,0,0,0,0,0,1),(223,'W0710',3,2537,0,0,0,0,0,0,0,0,0,0,0,0,0,0,0,0,0,0,0,1),(224,'W0710',4,3013,0,0,0,0,0,0,0,0,0,0,0,0,0,0,0,0,0,0,0,1),(225,'W0807',1,443,0,0,0,0,0,0,0,0,0,0,0,0,0,0,0,0,0,0,0,1),(226,'W0807',2,575,0,0,0,0,0,0,0,0,0,0,0,0,0,0,0,0,0,0,0,1),(227,'W0807',3,708,0,0,0,0,0,0,0,0,0,0,0,0,0,0,0,0,0,0,0,1),(228,'W0807',4,841,0,0,0,0,0,0,0,0,0,0,0,0,0,0,0,0,0,0,0,1),(229,'W0808',1,753,0,0,0,0,0,0,0,0,0,0,0,0,0,0,0,0,0,0,0,1),(230,'W0808',2,978,0,0,0,0,0,0,0,0,0,0,0,0,0,0,0,0,0,0,0,1),(231,'W0808',3,1204,0,0,0,0,0,0,0,0,0,0,0,0,0,0,0,0,0,0,0,1),(232,'W0808',4,1430,0,0,0,0,0,0,0,0,0,0,0,0,0,0,0,0,0,0,0,1),(233,'W0809',1,1280,0,0,0,0,0,0,0,0,0,0,0,0,0,0,0,0,0,0,0,1),(234,'W0809',2,1664,0,0,0,0,0,0,0,0,0,0,0,0,0,0,0,0,0,0,0,1),(235,'W0809',3,2048,0,0,0,0,0,0,0,0,0,0,0,0,0,0,0,0,0,0,0,1),(236,'W0809',4,2432,0,0,0,0,0,0,0,0,0,0,0,0,0,0,0,0,0,0,0,1),(237,'W0810',1,2176,0,0,0,0,0,0,0,0,0,0,0,0,0,0,0,0,0,0,0,1),(238,'W0810',2,2828,0,0,0,0,0,0,0,0,0,0,0,0,0,0,0,0,0,0,0,1),(239,'W0810',3,3481,0,0,0,0,0,0,0,0,0,0,0,0,0,0,0,0,0,0,0,1),(240,'W0810',4,4134,0,0,0,0,0,0,0,0,0,0,0,0,0,0,0,0,0,0,0,1),(241,'W1009',1,632,0,0,0,0,0,0,0,0,0,0,0,0,0,0,0,0,0,0,0,1),(242,'W1009',2,821,0,0,0,0,0,0,0,0,0,0,0,0,0,0,0,0,0,0,0,1),(243,'W1009',3,1011,0,0,0,0,0,0,0,0,0,0,0,0,0,0,0,0,0,0,0,1),(244,'W1009',4,1200,0,0,0,0,0,0,0,0,0,0,0,0,0,0,0,0,0,0,0,1),(245,'W1010',1,1074,0,0,0,0,0,0,0,0,0,0,0,0,0,0,0,0,0,0,0,1),(246,'W1010',2,1396,0,0,0,0,0,0,0,0,0,0,0,0,0,0,0,0,0,0,0,1),(247,'W1010',3,1718,0,0,0,0,0,0,0,0,0,0,0,0,0,0,0,0,0,0,0,1),(248,'W1010',4,2040,0,0,0,0,0,0,0,0,0,0,0,0,0,0,0,0,0,0,0,1),(249,'W90101',0,0,0,0,0,0,0,0,0,0,0,0,0,0,0,0,0,0,0,0,0,1),(250,'W90102',0,0,0,0,0,0,0,0,0,0,0,0,0,0,0,0,0,0,0,0,0,1),(251,'W90103',0,0,0,0,0,0,0,0,0,0,0,0,0,0,0,0,0,0,0,0,0,1),(252,'W90104',0,0,0,0,0,0,0,0,0,0,0,0,0,0,0,0,0,0,0,0,0,1),(253,'W90105',0,0,0,0,0,0,0,0,0,0,0,0,0,0,0,0,0,0,0,0,0,1),(254,'W90106',0,0,0,0,0,0,0,0,0,0,0,0,0,0,0,0,0,0,0,0,0,1),(255,'W90107',0,0,0,0,0,0,0,0,0,0,0,0,0,0,0,0,0,0,0,0,0,1),(256,'W90108',0,0,0,0,0,0,0,0,0,0,0,0,0,0,0,0,0,0,0,0,0,1),(257,'W90109',0,0,0,0,0,0,0,0,0,0,0,0,0,0,0,0,0,0,0,0,0,1),(258,'W90110',0,0,0,0,0,0,0,0,0,0,0,0,0,0,0,0,0,0,0,0,0,1),(259,'W90201',0,0,0,0,0,0,0,0,0,0,0,0,0,0,0,0,0,0,0,0,0,1),(260,'W90202',0,0,0,0,0,0,0,0,0,0,0,0,0,0,0,0,0,0,0,0,0,1),(261,'W90203',0,0,0,0,0,0,0,0,0,0,0,0,0,0,0,0,0,0,0,0,0,1),(262,'W90204',0,0,0,0,0,0,0,0,0,0,0,0,0,0,0,0,0,0,0,0,0,1),(263,'W90205',0,0,0,0,0,0,0,0,0,0,0,0,0,0,0,0,0,0,0,0,0,1),(264,'W90206',0,0,0,0,0,0,0,0,0,0,0,0,0,0,0,0,0,0,0,0,0,1),(265,'W90207',0,0,0,0,0,0,0,0,0,0,0,0,0,0,0,0,0,0,0,0,0,1),(266,'W90208',0,0,0,0,0,0,0,0,0,0,0,0,0,0,0,0,0,0,0,0,0,1),(267,'W90209',0,0,0,0,0,0,0,0,0,0,0,0,0,0,0,0,0,0,0,0,0,1),(268,'W90210',0,0,0,0,0,0,0,0,0,0,0,0,0,0,0,0,0,0,0,0,0,1),(269,'W90301',0,0,0,0,0,0,0,0,0,0,0,0,0,0,0,0,0,0,0,0,0,1),(270,'W90302',0,0,0,0,0,0,0,0,0,0,0,0,0,0,0,0,0,0,0,0,0,1),(271,'W90303',0,0,0,0,0,0,0,0,0,0,0,0,0,0,0,0,0,0,0,0,0,1),(272,'W90304',0,0,0,0,0,0,0,0,0,0,0,0,0,0,0,0,0,0,0,0,0,1),(273,'W90305',0,0,0,0,0,0,0,0,0,0,0,0,0,0,0,0,0,0,0,0,0,1),(274,'W90306',0,0,0,0,0,0,0,0,0,0,0,0,0,0,0,0,0,0,0,0,0,1),(275,'W90307',0,0,0,0,0,0,0,0,0,0,0,0,0,0,0,0,0,0,0,0,0,1),(276,'W90308',0,0,0,0,0,0,0,0,0,0,0,0,0,0,0,0,0,0,0,0,0,1),(277,'W90309',0,0,0,0,0,0,0,0,0,0,0,0,0,0,0,0,0,0,0,0,0,1),(278,'W90310',0,0,0,0,0,0,0,0,0,0,0,0,0,0,0,0,0,0,0,0,0,1),(279,'W90401',0,0,0,0,0,0,0,0,0,0,0,0,0,0,0,0,0,0,0,0,0,1),(280,'W90402',0,0,0,0,0,0,0,0,0,0,0,0,0,0,0,0,0,0,0,0,0,1),(281,'W90403',0,0,0,0,0,0,0,0,0,0,0,0,0,0,0,0,0,0,0,0,0,1),(282,'W90404',0,0,0,0,0,0,0,0,0,0,0,0,0,0,0,0,0,0,0,0,0,1),(283,'W90405',0,0,0,0,0,0,0,0,0,0,0,0,0,0,0,0,0,0,0,0,0,1),(284,'W90406',0,0,0,0,0,0,0,0,0,0,0,0,0,0,0,0,0,0,0,0,0,1),(285,'W90407',0,0,0,0,0,0,0,0,0,0,0,0,0,0,0,0,0,0,0,0,0,1),(286,'W90408',0,0,0,0,0,0,0,0,0,0,0,0,0,0,0,0,0,0,0,0,0,1),(287,'W90409',0,0,0,0,0,0,0,0,0,0,0,0,0,0,0,0,0,0,0,0,0,1),(288,'W90410',0,0,0,0,0,0,0,0,0,0,0,0,0,0,0,0,0,0,0,0,0,1),(289,'W90501',0,0,0,0,0,0,0,0,0,0,0,0,0,0,0,0,0,0,0,0,0,1),(290,'W90502',0,0,0,0,0,0,0,0,0,0,0,0,0,0,0,0,0,0,0,0,0,1),(291,'W90503',0,0,0,0,0,0,0,0,0,0,0,0,0,0,0,0,0,0,0,0,0,1),(292,'W90504',0,0,0,0,0,0,0,0,0,0,0,0,0,0,0,0,0,0,0,0,0,1),(293,'W90505',0,0,0,0,0,0,0,0,0,0,0,0,0,0,0,0,0,0,0,0,0,1),(294,'W90506',0,0,0,0,0,0,0,0,0,0,0,0,0,0,0,0,0,0,0,0,0,1),(295,'W90507',0,0,0,0,0,0,0,0,0,0,0,0,0,0,0,0,0,0,0,0,0,1),(296,'W90508',0,0,0,0,0,0,0,0,0,0,0,0,0,0,0,0,0,0,0,0,0,1),(297,'W90509',0,0,0,0,0,0,0,0,0,0,0,0,0,0,0,0,0,0,0,0,0,1),(298,'W90510',0,0,0,0,0,0,0,0,0,0,0,0,0,0,0,0,0,0,0,0,0,1),(299,'W90601',0,0,0,0,0,0,0,0,0,0,0,0,0,0,0,0,0,0,0,0,0,1),(300,'W90602',0,0,0,0,0,0,0,0,0,0,0,0,0,0,0,0,0,0,0,0,0,1),(301,'W90603',0,0,0,0,0,0,0,0,0,0,0,0,0,0,0,0,0,0,0,0,0,1),(302,'W90604',0,0,0,0,0,0,0,0,0,0,0,0,0,0,0,0,0,0,0,0,0,1),(303,'W90605',0,0,0,0,0,0,0,0,0,0,0,0,0,0,0,0,0,0,0,0,0,1),(304,'W90606',0,0,0,0,0,0,0,0,0,0,0,0,0,0,0,0,0,0,0,0,0,1),(305,'W90607',0,0,0,0,0,0,0,0,0,0,0,0,0,0,0,0,0,0,0,0,0,1),(306,'W90608',0,0,0,0,0,0,0,0,0,0,0,0,0,0,0,0,0,0,0,0,0,1),(307,'W90609',0,0,0,0,0,0,0,0,0,0,0,0,0,0,0,0,0,0,0,0,0,1),(308,'W90610',0,0,0,0,0,0,0,0,0,0,0,0,0,0,0,0,0,0,0,0,0,1),(309,'W91101',0,0,0,0,0,0,0,0,0,0,0,0,0,0,0,0,0,0,0,0,0,1),(310,'W91102',0,0,0,0,0,0,0,0,0,0,0,0,0,0,0,0,0,0,0,0,0,1),(311,'W91103',0,0,0,0,0,0,0,0,0,0,0,0,0,0,0,0,0,0,0,0,0,1),(312,'W91104',0,0,0,0,0,0,0,0,0,0,0,0,0,0,0,0,0,0,0,0,0,1),(313,'W91105',0,0,0,0,0,0,0,0,0,0,0,0,0,0,0,0,0,0,0,0,0,1),(314,'W91106',0,0,0,0,0,0,0,0,0,0,0,0,0,0,0,0,0,0,0,0,0,1),(315,'W91107',0,0,0,0,0,0,0,0,0,0,0,0,0,0,0,0,0,0,0,0,0,1),(316,'W91108',0,0,0,0,0,0,0,0,0,0,0,0,0,0,0,0,0,0,0,0,0,1),(317,'W91109',0,0,0,0,0,0,0,0,0,0,0,0,0,0,0,0,0,0,0,0,0,1),(318,'W91110',0,0,0,0,0,0,0,0,0,0,0,0,0,0,0,0,0,0,0,0,0,1),(319,'W91201',0,0,0,0,0,0,0,0,0,0,0,0,0,0,0,0,0,0,0,0,0,1),(320,'W91202',0,0,0,0,0,0,0,0,0,0,0,0,0,0,0,0,0,0,0,0,0,1),(321,'W91203',0,0,0,0,0,0,0,0,0,0,0,0,0,0,0,0,0,0,0,0,0,1),(322,'W91204',0,0,0,0,0,0,0,0,0,0,0,0,0,0,0,0,0,0,0,0,0,1),(323,'W91205',0,0,0,0,0,0,0,0,0,0,0,0,0,0,0,0,0,0,0,0,0,1),(324,'W91206',0,0,0,0,0,0,0,0,0,0,0,0,0,0,0,0,0,0,0,0,0,1),(325,'W91207',0,0,0,0,0,0,0,0,0,0,0,0,0,0,0,0,0,0,0,0,0,1),(326,'W91208',0,0,0,0,0,0,0,0,0,0,0,0,0,0,0,0,0,0,0,0,0,1),(327,'W91209',0,0,0,0,0,0,0,0,0,0,0,0,0,0,0,0,0,0,0,0,0,1),(328,'W91210',0,0,0,0,0,0,0,0,0,0,0,0,0,0,0,0,0,0,0,0,0,1),(329,'W91301',0,0,0,0,0,0,0,0,0,0,0,0,0,0,0,0,0,0,0,0,0,1),(330,'W91302',0,0,0,0,0,0,0,0,0,0,0,0,0,0,0,0,0,0,0,0,0,1),(331,'W91303',0,0,0,0,0,0,0,0,0,0,0,0,0,0,0,0,0,0,0,0,0,1),(332,'W91304',0,0,0,0,0,0,0,0,0,0,0,0,0,0,0,0,0,0,0,0,0,1),(333,'W91305',0,0,0,0,0,0,0,0,0,0,0,0,0,0,0,0,0,0,0,0,0,1),(334,'W91306',0,0,0,0,0,0,0,0,0,0,0,0,0,0,0,0,0,0,0,0,0,1),(335,'W91307',0,0,0,0,0,0,0,0,0,0,0,0,0,0,0,0,0,0,0,0,0,1),(336,'W91308',0,0,0,0,0,0,0,0,0,0,0,0,0,0,0,0,0,0,0,0,0,1),(337,'W91309',0,0,0,0,0,0,0,0,0,0,0,0,0,0,0,0,0,0,0,0,0,1),(338,'W91310',0,0,0,0,0,0,0,0,0,0,0,0,0,0,0,0,0,0,0,0,0,1),(339,'W91401',0,0,0,0,0,0,0,0,0,0,0,0,0,0,0,0,0,0,0,0,0,1),(340,'W91402',0,0,0,0,0,0,0,0,0,0,0,0,0,0,0,0,0,0,0,0,0,1),(341,'W91403',0,0,0,0,0,0,0,0,0,0,0,0,0,0,0,0,0,0,0,0,0,1),(342,'W91404',0,0,0,0,0,0,0,0,0,0,0,0,0,0,0,0,0,0,0,0,0,1),(343,'W91405',0,0,0,0,0,0,0,0,0,0,0,0,0,0,0,0,0,0,0,0,0,1),(344,'W91406',0,0,0,0,0,0,0,0,0,0,0,0,0,0,0,0,0,0,0,0,0,1),(345,'W91407',0,0,0,0,0,0,0,0,0,0,0,0,0,0,0,0,0,0,0,0,0,1),(346,'W91408',0,0,0,0,0,0,0,0,0,0,0,0,0,0,0,0,0,0,0,0,0,1),(347,'W91409',0,0,0,0,0,0,0,0,0,0,0,0,0,0,0,0,0,0,0,0,0,1),(348,'W91410',0,0,0,0,0,0,0,0,0,0,0,0,0,0,0,0,0,0,0,0,0,1),(349,'W91501',0,0,0,0,0,0,0,0,0,0,0,0,0,0,0,0,0,0,0,0,0,1),(350,'W91502',0,0,0,0,0,0,0,0,0,0,0,0,0,0,0,0,0,0,0,0,0,1),(351,'W91503',0,0,0,0,0,0,0,0,0,0,0,0,0,0,0,0,0,0,0,0,0,1),(352,'W91504',0,0,0,0,0,0,0,0,0,0,0,0,0,0,0,0,0,0,0,0,0,1),(353,'W91505',0,0,0,0,0,0,0,0,0,0,0,0,0,0,0,0,0,0,0,0,0,1),(354,'W91506',0,0,0,0,0,0,0,0,0,0,0,0,0,0,0,0,0,0,0,0,0,1),(355,'W91507',0,0,0,0,0,0,0,0,0,0,0,0,0,0,0,0,0,0,0,0,0,1),(356,'W91508',0,0,0,0,0,0,0,0,0,0,0,0,0,0,0,0,0,0,0,0,0,1),(357,'W91509',0,0,0,0,0,0,0,0,0,0,0,0,0,0,0,0,0,0,0,0,0,1),(358,'W91510',0,0,0,0,0,0,0,0,0,0,0,0,0,0,0,0,0,0,0,0,0,1),(359,'W91601',0,0,0,0,0,0,0,0,0,0,0,0,0,0,0,0,0,0,0,0,0,1),(360,'W91602',0,0,0,0,0,0,0,0,0,0,0,0,0,0,0,0,0,0,0,0,0,1),(361,'W91603',0,0,0,0,0,0,0,0,0,0,0,0,0,0,0,0,0,0,0,0,0,1),(362,'W91604',0,0,0,0,0,0,0,0,0,0,0,0,0,0,0,0,0,0,0,0,0,1),(363,'W91605',0,0,0,0,0,0,0,0,0,0,0,0,0,0,0,0,0,0,0,0,0,1),(364,'W91606',0,0,0,0,0,0,0,0,0,0,0,0,0,0,0,0,0,0,0,0,0,1),(365,'W91607',0,0,0,0,0,0,0,0,0,0,0,0,0,0,0,0,0,0,0,0,0,1),(366,'W91608',0,0,0,0,0,0,0,0,0,0,0,0,0,0,0,0,0,0,0,0,0,1),(367,'W91609',0,0,0,0,0,0,0,0,0,0,0,0,0,0,0,0,0,0,0,0,0,1),(368,'W91610',0,0,0,0,0,0,0,0,0,0,0,0,0,0,0,0,0,0,0,0,0,1);

/*Table structure for table `seaking_indu_event` */

DROP TABLE IF EXISTS `seaking_indu_event`;

CREATE TABLE `seaking_indu_event` (
  `id` int(10) NOT NULL AUTO_INCREMENT,
  `eventId` varchar(60) NOT NULL DEFAULT '' COMMENT 'eventId',
  `eventType` int(10) NOT NULL DEFAULT '0' COMMENT 'eventType 1 - 获得 2 - 摧毁 3 - 入口 4 - 传送',
  `eventData` varchar(600) NOT NULL DEFAULT '0' COMMENT 'eventData',
  `date` int(10) NOT NULL DEFAULT '0' COMMENT '日期',
  `bz` tinyint(1) NOT NULL DEFAULT '0' COMMENT '1 - 可用 2 - 不可用',
  `updateBz` tinyint(1) NOT NULL DEFAULT '1' COMMENT '1 - 新增 2 - 已更新到mysql',
  PRIMARY KEY (`id`)
) ENGINE=InnoDB AUTO_INCREMENT=224 DEFAULT CHARSET=utf8;

/*Data for the table `seaking_indu_event` */

insert  into `seaking_indu_event`(`id`,`eventId`,`eventType`,`eventData`,`date`,`bz`,`updateBz`) values (1,'E101011',1,'{\"money\":\"300\"}',0,0,1),(2,'E101031',1,'{\"money\":\"300\"}',0,0,1),(3,'E101033',1,'{\"money\":\"300\"}',0,0,1),(4,'E201011',4,'{\"pos\":{\"x\":\"200\",\"y\":\"200\"}}',0,0,1),(5,'E101012',1,'{\"experience\":\"300\"}',0,0,1),(6,'E101021',1,'{\"money\":\"300\"}',0,0,1),(7,'E101022',1,'{\"experience\":\"300\"}',0,0,1),(8,'E101032',1,'{\"experience\":\"300\"}',0,0,1),(9,'E101034',1,'{\"experience\":\"300\"}',0,0,1),(10,'E201012',1,'{\"money\":\"300\"}',0,0,1),(11,'E201013',1,'{\"experience\":\"300\"}',0,0,1),(12,'E101041',1,'{\"money\":\"300\"}',0,0,1),(13,'E101042',3,'{\"sceneId\":\"Ins101042\"}',0,0,1),(14,'E101043',1,'{\"experience\":\"300\"}',0,0,1),(15,'E101044',1,'{\"money\":\"300\"}',0,0,1),(16,'E102011',1,'{\"experience\":\"300\"}',0,0,1),(17,'E102012',1,'{\"money\":\"300\"}',0,0,1),(18,'E102013',1,'{\"experience\":\"300\"}',0,0,1),(19,'E202011',1,'{\"money\":\"300\"}',0,0,1),(20,'E102021',1,'{\"experience\":\"300\"}',0,0,1),(21,'E102022',1,'{\"money\":\"300\"}',0,0,1),(22,'E102023',1,'{\"experience\":\"300\"}',0,0,1),(23,'E102024',1,'{\"money\":\"300\"}',0,0,1),(24,'E102031',1,'{\"experience\":\"300\"}',0,0,1),(25,'E102032',1,'{\"money\":\"300\"}',0,0,1),(26,'E102041',1,'{\"experience\":\"300\"}',0,0,1),(27,'E102042',3,'{\"sceneId\":\"Ins102042\"}',0,0,1),(28,'E102043',3,'{\"sceneId\":\"Ins102043\"}',0,0,1),(29,'E102044',1,'{\"money\":\"300\"}',0,0,1),(30,'E102051',1,'{\"experience\":\"300\"}',0,0,1),(31,'E102052',1,'{\"money\":\"300\"}',0,0,1),(32,'E102053',1,'{\"experience\":\"300\"}',0,0,1),(33,'E102054',1,'{\"money\":\"300\"}',0,0,1),(34,'E202021',1,'{\"experience\":\"300\"}',0,0,1),(35,'E202022',1,'{\"money\":\"300\"}',0,0,1),(36,'E104011',1,'{\"experience\":\"300\"}',0,0,1),(37,'E104012',1,'{\"money\":\"300\"}',0,0,1),(38,'E104013',1,'{\"experience\":\"300\"}',0,0,1),(39,'E104021',1,'{\"money\":\"300\"}',0,0,1),(40,'E104022',1,'{\"experience\":\"300\"}',0,0,1),(41,'E104023',1,'{\"experience\":\"301\"}',0,0,1),(42,'E104024',3,'{\"sceneId\":\"Ins104024\"}',0,0,1),(43,'E104031',1,'{\"experience\":\"300\"}',0,0,1),(44,'E104032',1,'{\"money\":\"300\"}',0,0,1),(45,'E204011',1,'{\"experience\":\"300\"}',0,0,1),(46,'E204012',1,'{\"money\":\"300\"}',0,0,1),(47,'E105011',1,'{\"experience\":\"300\"}',0,0,1),(48,'E105021',1,'{\"experience\":\"301\"}',0,0,1),(49,'E105022',1,'{\"experience\":\"301\"}',0,0,1),(50,'E105031',4,'{\"pos\":{\"x\":\"200\",\"y\":\"200\"}}',0,0,1),(51,'E105032',1,'{\"experience\":\"301\"}',0,0,1),(52,'E105033',1,'{\"experience\":\"301\"}',0,0,1),(53,'E105034',1,'{\"experience\":\"301\"}',0,0,1),(54,'E205011',1,'{\"experience\":\"301\"}',0,0,1),(55,'E205012',1,'{\"experience\":\"301\"}',0,0,1),(56,'E105041',1,'{\"experience\":\"301\"}',0,0,1),(57,'E105042',1,'{\"experience\":\"301\"}',0,0,1),(58,'E205021',1,'{\"experience\":\"301\"}',0,0,1),(59,'E205022',1,'{\"experience\":\"301\"}',0,0,1),(60,'E105051',1,'{\"experience\":\"301\"}',0,0,1),(61,'E105052',1,'{\"experience\":\"301\"}',0,0,1),(62,'E105053',1,'{\"experience\":\"301\"}',0,0,1),(63,'E105061',4,'{\"pos\":{\"x\":\"200\",\"y\":\"200\"}}',0,0,1),(64,'E105062',1,'{\"experience\":\"301\"}',0,0,1),(65,'E105063',1,'{\"experience\":\"301\"}',0,0,1),(66,'E205031',1,'{\"experience\":\"301\"}',0,0,1),(67,'E205032',1,'{\"experience\":\"301\"}',0,0,1),(68,'E106011',1,'{\"experience\":\"301\"}',0,0,1),(69,'E106012',1,'{\"experience\":\"301\"}',0,0,1),(70,'E106021',3,'{\"sceneId\":\"Ins104024\"}',0,0,1),(71,'E106022',1,'{\"experience\":\"301\"}',0,0,1),(72,'E106031',1,'{\"money\":\"300\"}',0,0,1),(73,'E106032',1,'{\"experience\":\"301\"}',0,0,1),(74,'E106041',1,'{\"money\":\"300\"}',0,0,1),(75,'E106042',3,'{\"sceneId\":\"Ins104024\"}',0,0,1),(76,'E106043',1,'{\"money\":\"300\"}',0,0,1),(77,'E106051',1,'{\"experience\":\"301\"}',0,0,1),(78,'E106052',1,'{\"money\":\"300\"}',0,0,1),(79,'E107011',3,'{\"sceneId\":\"Ins104024\"}',0,0,1),(80,'E107012',1,'{\"money\":\"300\"}',0,0,1),(81,'E107013',1,'{\"experience\":\"301\"}',0,0,1),(82,'E107021',1,'{\"money\":\"300\"}',0,0,1),(83,'E107022',1,'{\"experience\":\"301\"}',0,0,1),(84,'E107031',1,'{\"money\":\"300\"}',0,0,1),(85,'E107032',1,'{\"experience\":\"301\"}',0,0,1),(86,'E207011',1,'{\"money\":\"300\"}',0,0,1),(87,'E207012',1,'{\"experience\":\"301\"}',0,0,1),(88,'E107041',1,'{\"money\":\"300\"}',0,0,1),(89,'E107042',1,'{\"experience\":\"301\"}',0,0,1),(90,'E107043',1,'{\"money\":\"300\"}',0,0,1),(91,'E107051',1,'{\"experience\":\"301\"}',0,0,1),(92,'E107052',1,'{\"money\":\"300\"}',0,0,1),(93,'E107053',1,'{\"experience\":\"301\"}',0,0,1),(94,'E207021',1,'{\"money\":\"300\"}',0,0,1),(95,'E207031',1,'{\"experience\":\"301\"}',0,0,1),(96,'E207041',1,'{\"money\":\"300\"}',0,0,1),(97,'E207051',1,'{\"experience\":\"301\"}',0,0,1),(98,'E108011',1,'{\"money\":\"300\"}',0,0,1),(99,'E108012',3,'{\"sceneId\":\"Ins104024\"}',0,0,1),(100,'E108013',3,'{\"sceneId\":\"Ins104024\"}',0,0,1),(101,'E108014',1,'{\"experience\":\"301\"}',0,0,1),(102,'E108021',1,'{\"money\":\"300\"}',0,0,1),(103,'E108022',4,'{\"pos\":{\"x\":\"200\",\"y\":\"200\"}}',0,0,1),(104,'E108023',4,'{\"pos\":{\"x\":\"200\",\"y\":\"200\"}}',0,0,1),(105,'E108024',1,'{\"experience\":\"301\"}',0,0,1),(106,'E108031',1,'{\"money\":\"300\"}',0,0,1),(107,'E108032',1,'{\"experience\":\"301\"}',0,0,1),(108,'E108041',1,'{\"money\":\"300\"}',0,0,1),(109,'E108042',1,'{\"experience\":\"301\"}',0,0,1),(110,'E108051',1,'{\"money\":\"300\"}',0,0,1),(111,'E108052',1,'{\"experience\":\"301\"}',0,0,1),(112,'E108061',1,'{\"money\":\"300\"}',0,0,1),(113,'E108062',1,'{\"experience\":\"301\"}',0,0,1),(114,'E208011',1,'{\"money\":\"300\"}',0,0,1),(115,'E208021',1,'{\"experience\":\"301\"}',0,0,1),(116,'E208031',1,'{\"money\":\"300\"}',0,0,1),(117,'E208041',1,'{\"experience\":\"301\"}',0,0,1),(118,'E109011',1,'{\"money\":\"300\"}',0,0,1),(119,'E109021',1,'{\"experience\":\"301\"}',0,0,1),(120,'E109022',1,'{\"money\":\"300\"}',0,0,1),(121,'E109023',1,'{\"experience\":\"301\"}',0,0,1),(122,'E109031',4,'{\"pos\":{\"x\":\"200\",\"y\":\"200\"}}',0,0,1),(123,'E109032',4,'{\"pos\":{\"x\":\"200\",\"y\":\"200\"}}',0,0,1),(124,'E109033',4,'{\"pos\":{\"x\":\"200\",\"y\":\"200\"}}',0,0,1),(125,'E109034',1,'{\"experience\":\"301\"}',0,0,1),(126,'E109035',1,'{\"money\":\"300\"}',0,0,1),(127,'E109036',1,'{\"experience\":\"301\"}',0,0,1),(128,'E109041',1,'{\"money\":\"300\"}',0,0,1),(129,'E109042',3,'{\"sceneId\":\"Ins104024\"}',0,0,1),(130,'E109043',1,'{\"money\":\"300\"}',0,0,1),(131,'E109051',1,'{\"experience\":\"301\"}',0,0,1),(132,'E109052',1,'{\"money\":\"300\"}',0,0,1),(133,'E209011',1,'{\"experience\":\"301\"}',0,0,1),(134,'E209012',1,'{\"money\":\"300\"}',0,0,1),(135,'E209013',4,'{\"pos\":{\"x\":\"200\",\"y\":\"200\"}}',0,0,1),(136,'E209014',1,'{\"money\":\"300\"}',0,0,1),(137,'E110011',1,'{\"experience\":\"301\"}',0,0,1),(138,'E110012',1,'{\"money\":\"300\"}',0,0,1),(139,'E110021',1,'{\"experience\":\"301\"}',0,0,1),(140,'E110022',1,'{\"money\":\"300\"}',0,0,1),(141,'E110031',1,'{\"experience\":\"301\"}',0,0,1),(142,'E110032',1,'{\"money\":\"300\"}',0,0,1),(143,'E111011',1,'{\"experience\":\"301\"}',0,0,1),(144,'E111012',1,'{\"money\":\"300\"}',0,0,1),(145,'E111021',1,'{\"experience\":\"301\"}',0,0,1),(146,'E111022',1,'{\"money\":\"300\"}',0,0,1),(147,'E111023',1,'{\"experience\":\"301\"}',0,0,1),(148,'E111024',1,'{\"money\":\"300\"}',0,0,1),(149,'E111031',1,'{\"experience\":\"301\"}',0,0,1),(150,'E111032',1,'{\"money\":\"300\"}',0,0,1),(151,'E111033',1,'{\"experience\":\"301\"}',0,0,1),(152,'E111041',2,'{\"id\":\"\"}',0,0,1),(153,'E111042',1,'{\"experience\":\"301\"}',0,0,1),(154,'E211011',2,'{\"id\":\"\"}',0,0,1),(155,'E112011',1,'{\"experience\":\"301\"}',0,0,1),(156,'E112012',1,'{\"money\":\"300\"}',0,0,1),(157,'E112013',1,'{\"experience\":\"301\"}',0,0,1),(158,'E112014',1,'{\"money\":\"300\"}',0,0,1),(159,'E112021',1,'{\"experience\":\"301\"}',0,0,1),(160,'E112022',1,'{\"money\":\"300\"}',0,0,1),(161,'E112023',1,'{\"experience\":\"301\"}',0,0,1),(162,'E112024',1,'{\"money\":\"300\"}',0,0,1),(163,'E112031',1,'{\"experience\":\"301\"}',0,0,1),(164,'E112032',1,'{\"money\":\"300\"}',0,0,1),(165,'E112041',1,'{\"experience\":\"301\"}',0,0,1),(166,'E112042',1,'{\"money\":\"300\"}',0,0,1),(167,'E112043',1,'{\"experience\":\"301\"}',0,0,1),(168,'E112044',3,'{\"sceneId\":\"Ins104024\"}',0,0,1),(169,'E212011',1,'{\"experience\":\"301\"}',0,0,1),(170,'E113011',1,'{\"money\":\"300\"}',0,0,1),(171,'E113012',1,'{\"experience\":\"301\"}',0,0,1),(172,'E113013',1,'{\"money\":\"300\"}',0,0,1),(173,'E113021',1,'{\"experience\":\"301\"}',0,0,1),(174,'E113022',1,'{\"money\":\"300\"}',0,0,1),(175,'E213011',1,'{\"experience\":\"301\"}',0,0,1),(176,'E213012',1,'{\"money\":\"300\"}',0,0,1),(177,'E213013',1,'{\"experience\":\"301\"}',0,0,1),(178,'E113031',1,'{\"money\":\"300\"}',0,0,1),(179,'E113032',1,'{\"experience\":\"301\"}',0,0,1),(180,'E113041',1,'{\"money\":\"300\"}',0,0,1),(181,'E113042',3,'{\"sceneId\":\"Ins104024\"}',0,0,1),(182,'E113043',1,'{\"money\":\"300\"}',0,0,1),(183,'E114011',1,'{\"experience\":\"301\"}',0,0,1),(184,'E114021',4,'{\"pos\":{\"x\":\"200\",\"y\":\"200\"}}',0,0,1),(185,'E114022',4,'{\"pos\":{\"x\":\"200\",\"y\":\"200\"}}',0,0,1),(186,'E114023',4,'{\"pos\":{\"x\":\"200\",\"y\":\"200\"}}',0,0,1),(187,'E114024',1,'{\"experience\":\"301\"}',0,0,1),(188,'E114025',1,'{\"money\":\"300\"}',0,0,1),(189,'E114031',1,'{\"experience\":\"301\"}',0,0,1),(190,'E114032',3,'{\"sceneId\":\"Ins104024\"}',0,0,1),(191,'E114033',1,'{\"experience\":\"301\"}',0,0,1),(192,'E114041',1,'{\"money\":\"300\"}',0,0,1),(193,'E114042',1,'{\"experience\":\"301\"}',0,0,1),(194,'E115011',1,'{\"money\":\"300\"}',0,0,1),(195,'E115012',3,'{\"sceneId\":\"Ins104024\"}',0,0,1),(196,'E115013',1,'{\"money\":\"300\"}',0,0,1),(197,'E115021',1,'{\"experience\":\"301\"}',0,0,1),(198,'E115031',1,'{\"money\":\"300\"}',0,0,1),(199,'E115032',3,'{\"sceneId\":\"Ins104024\"}',0,0,1),(200,'E115033',3,'{\"sceneId\":\"Ins104024\"}',0,0,1),(201,'E115034',1,'{\"experience\":\"301\"}',0,0,1),(202,'E115041',1,'{\"money\":\"300\"}',0,0,1),(203,'E115042',1,'{\"experience\":\"301\"}',0,0,1),(204,'E215011',1,'{\"money\":\"300\"}',0,0,1),(205,'E116011',1,'{\"experience\":\"301\"}',0,0,1),(206,'E116012',1,'{\"money\":\"300\"}',0,0,1),(207,'E116013',1,'{\"experience\":\"301\"}',0,0,1),(208,'E116021',1,'{\"money\":\"300\"}',0,0,1),(209,'E116022',1,'{\"experience\":\"301\"}',0,0,1),(210,'E116023',4,'{\"pos\":{\"x\":\"200\",\"y\":\"200\"}}',0,0,1),(211,'E116024',1,'{\"experience\":\"301\"}',0,0,1),(212,'E116031',1,'{\"money\":\"300\"}',0,0,1),(213,'E116032',1,'{\"experience\":\"301\"}',0,0,1),(214,'E116033',4,'{\"pos\":{\"x\":\"200\",\"y\":\"200\"}}',0,0,1),(215,'E116034',1,'{\"experience\":\"301\"}',0,0,1),(216,'E216011',3,'{\"sceneId\":\"Ins104024\"}',0,0,1),(217,'E216012',3,'{\"sceneId\":\"Ins104024\"}',0,0,1),(218,'E216013',3,'{\"sceneId\":\"Ins104024\"}',0,0,1),(219,'E216014',3,'{\"sceneId\":\"Ins104024\"}',0,0,1),(220,'E216015',1,'{\"money\":\"300\"}',0,0,1),(221,'E216016',4,'{\"pos\":{\"x\":\"200\",\"y\":\"200\"}}',0,0,1),(222,'E216017',1,'{\"money\":\"300\"}',0,0,1),(223,'E216018',1,'{\"money\":\"300\"}',0,0,1);

/*Table structure for table `seaking_indu_monstergroup` */

DROP TABLE IF EXISTS `seaking_indu_monstergroup`;

CREATE TABLE `seaking_indu_monstergroup` (
  `id` int(10) NOT NULL AUTO_INCREMENT,
  `mgid` varchar(100) NOT NULL DEFAULT '' COMMENT 'mgid',
  `formation` varchar(100) NOT NULL DEFAULT '' COMMENT 'formation',
  `date` int(10) NOT NULL DEFAULT '0' COMMENT '日期',
  `bz` tinyint(1) NOT NULL DEFAULT '1' COMMENT '1 - 可用 2 - 不可用',
  `updateBz` tinyint(1) NOT NULL DEFAULT '1' COMMENT '1 - 新增 2 - 已更新到mysql',
  `showName` varchar(100) NOT NULL DEFAULT '' COMMENT '显示名称',
  PRIMARY KEY (`id`),
  KEY `index_bz` (`bz`),
  KEY `index_updateBz` (`updateBz`)
) ENGINE=InnoDB AUTO_INCREMENT=151 DEFAULT CHARSET=utf8;

/*Data for the table `seaking_indu_monstergroup` */

insert  into `seaking_indu_monstergroup`(`id`,`mgid`,`formation`,`date`,`bz`,`updateBz`,`showName`) values (1,'MG101011','[\"M10101\",0,0,0,0,0,0]',0,1,1,'MG101011'),(2,'MG101021','[\"M10103\",0,0,0,0,0,0]',0,1,1,''),(3,'MG101022','[\"M10102\",0,0,0,0,0,0]',0,1,1,''),(4,'MG101023','[\"M10103\",0,0,0,0,0,0]',0,1,1,''),(5,'MG101024','[\"M10102\",0,0,0,0,0,0]',0,1,1,''),(6,'MG101025','[\"M10102\",0,0,0,0,0,0]',0,1,1,''),(7,'MG101012','[\"M10101\",0,0,0,0,0,0]',0,1,1,''),(8,'MG101014','[\"M10101\",0,0,0,0,0,0]',0,1,1,''),(9,'MG101013','[\"M10101\",0,0,0,0,0,0]',0,1,1,''),(10,'MG101015','[\"M10102\",0,0,0,0,0,0]',0,1,1,''),(11,'MG101026','[\"M10103\",0,0,0,0,0,0]',0,1,1,''),(12,'MG101031','[\"M10103\",0,0,0,0,0,0]',0,1,1,''),(13,'MG101032','[\"M10104\",0,0,0,0,0,0]',0,1,1,''),(14,'MG101033','[\"M10103\",0,0,0,0,0,0]',0,1,1,''),(15,'MG101034','[\"M10104\",0,0,0,0,0,0]',0,1,1,''),(16,'MG101035','[\"M10104\",0,0,0,0,0,0]',0,1,1,''),(17,'MG101041','[\"M10105\",0,0,0,0,0,0]',0,1,1,''),(18,'MG101042','[\"M10106\",0,0,0,0,0,0]',0,1,1,''),(19,'MG101043','[\"M10105\",0,0,0,0,0,0]',0,1,1,''),(20,'MG101044','[\"M10106\",0,0,0,0,0,0]',0,1,1,''),(21,'MG101045','[\"M10105\",0,0,0,0,0,0]',0,1,1,''),(22,'MG101046','[\"M10106\",0,0,0,0,0,0]',0,1,1,''),(23,'MG101047','[\"M10106\",0,0,0,0,0,0]',0,1,1,''),(24,'MG201011','[\"M10104\",0,0,0,0,0,0]',0,1,1,''),(25,'MG201012','[\"M20101\",0,0,0,0,0,0]',0,1,1,''),(26,'MG102011','[0,0,\"M10201\",0,0,0,\"M10201\"]',0,1,1,''),(27,'MG102012','[\"M10201\",\"M10201\",0,0,0,0,0]',0,1,1,''),(28,'MG102013','[0,\"M10203\",\"M10202\",0,0,0,0]',0,1,1,''),(29,'MG102014','[\"M10202\",\"M10202\",0,0,0,0,0]',0,1,1,''),(30,'MG102015','[0,0,0,\"M10203\",0,\"M10203\",0]',0,1,1,''),(31,'MG102016','[\"M10203\",\"M10202\",0,0,0,0,0]',0,1,1,''),(32,'MG102021','[0,0,\"M10204\",0,0,0,\"M10205\"]',0,1,1,''),(33,'MG102022','[0,0,0,\"M10204\",0,\"M10205\",0]',0,1,1,''),(34,'MG102023','[0,0,0,\"M10204\",0,\"M10204\",0]',0,1,1,''),(35,'MG102024','[0,0,\"M10205\",0,0,0,\"M10205\"]',0,1,1,''),(36,'MG102025','[\"M10204\",\"M10205\",0,0,0,0,0]',0,1,1,''),(37,'MG102031','[\"M10206\",0,0,0,\"M10206\",0,0]',0,1,1,''),(38,'MG102032','[0,0,\"M10207\",0,0,0,\"M10207\"]',0,1,1,''),(39,'MG102033','[0,0,0,0,0,0,0]',0,1,1,''),(40,'MG102034','[\"M10206\",\"M10207\",0,0,0,0,0]',0,1,1,''),(41,'MG102035','[0,0,0,\"M10206\",0,\"M10207\",0]',0,1,1,''),(42,'MG102036','[0,0,\"M10206\",\"M10207\",0,0,0]',0,1,1,''),(43,'MG102041','[0,0,\"M10208\",0,0,0,\"M10208\"]',0,1,1,''),(44,'MG102042','[\"M10209\",0,\"M10209\",\"M10209\",0,0,0]',0,1,1,''),(45,'MG102043','[\"M10210\",0,\"M10209\",0,0,0,0]',0,1,1,''),(46,'MG102044','[0,0,0,\"M10210\",0,0,\"M10210\"]',0,1,1,''),(47,'MG102045','[0,0,\"M10209\",0,0,\"M10208\",0]',0,1,1,''),(48,'MG102046','[0,0,0,\"M10210\",0,0,\"M10209\"]',0,1,1,''),(49,'MG102047','[\"M10210\",\"M10210\",0,0,0,0,0]',0,1,1,''),(50,'MG102051','[\"M10210\",\"M10210\",0,0,0,0,0]',0,1,1,''),(51,'MG102052','[0,0,\"M10209\",0,0,0,\"M10209\"]',0,1,1,''),(52,'MG102053','[0,0,0,\"M10208\",0,0,\"M10209\"]',0,1,1,''),(53,'MG102054','[0,0,0,\"M10209\",0,\"M10208\",0]',0,1,1,''),(54,'MG102055','[0,\"M10209\",\"M10208\",0,0,0,0]',0,1,1,''),(55,'MG102056','[0,\"M10210\",0,0,\"M10208\",0,0]',0,1,1,''),(56,'MG202011','[\"M20201\",0,0,0,\"M20202\",0,0]',0,1,1,''),(57,'MG202021','[0,0,\"M20203\",0,0,0,\"M20203\"]',0,1,1,''),(58,'MG202022','[\"M20204\",\"M20203\",0,0,0,0,0]',0,1,1,''),(59,'MG104011','[\"M10401\",0,0,0,\"M10401\",0,0]',0,1,1,''),(60,'MG104012','[0,\"M10401\",0,0,0,0,\"M10401\"]',0,1,1,''),(61,'MG104013','[0,0,\"M10401\",0,0,0,\"M10404\"]',0,1,1,''),(62,'MG104014','[\"M10401\",0,0,0,\"M10404\",0,0]',0,1,1,''),(63,'MG104015','[0,0,\"M10401\",0,0,0,\"M10401\"]',0,1,1,''),(64,'MG104016','[0,0,\"M10401\",\"M10404\",0,0,0]',0,1,1,''),(65,'MG104017','[\"M10402\",\"M10401\",0,0,0,0,0]',0,1,1,''),(66,'MG104021','[0,0,\"M10403\",0,0,0,\"M10401\"]',0,1,1,''),(67,'MG104022','[\"M10401\",\"M10404\",0,0,0,0,0]',0,1,1,''),(68,'MG104023','[0,0,0,\"M10401\",0,\"M10404\",0]',0,1,1,''),(69,'MG104024','[\"M10401\",0,0,\"M10404\",0,0,0]',0,1,1,''),(70,'MG104025','[0,\"M10404\",0,0,\"M10403\",0,0]',0,1,1,''),(71,'MG104026','[\"M10403\",0,0,0,\"M10402\",0,0]',0,1,1,''),(72,'MG104031','[\"M10401\",\"M10404\",0,0,0,0,0]',0,1,1,''),(73,'MG104032','[0,0,\"M10403\",0,0,0,\"M10401\"]',0,1,1,''),(74,'MG104033','[0,0,0,\"M10402\",0,0,0]',0,1,1,''),(75,'MG104034','[0,0,\"M10403\",\"M10402\",0,\"M10404\",0]',0,1,1,''),(76,'MG104035','[\"M10402\",0,0,0,\"M10402\",0,0]',0,1,1,''),(77,'MG204011','[\"M10402\",\"M10402\",0,0,0,0,0]',0,1,1,''),(78,'MG204012','[\"M10402\",0,0,0,\"M10402\",0,0]',0,1,1,''),(79,'MG204013','[0,\"M10402\",0,0,\"M20401\",0,0]',0,1,1,''),(80,'MG105011','[\"M10402\",0,\"M10402\",0,0,0,\"M10402\"]',0,1,1,''),(81,'MG105012','[0,\"M10501\",\"M10501\",0,0,0,\"M10402\"]',0,1,1,''),(82,'MG105013','[\"M10402\",\"M10502\",0,0,\"M10501\",0,0]',0,1,1,''),(83,'MG105014','[\"M10402\",0,0,\"M10501\",0,\"M10501\",0]',0,1,1,''),(84,'MG105015','[\"M10502\",0,\"M10502\",0,0,\"M10501\",0]',0,1,1,''),(85,'MG105016','[0,\"M10502\",\"M10502\",\"M10502\",0,0,0]',0,1,1,''),(86,'MG105021','[0,0,0,\"M10501\",\"M10501\",\"M10501\",0]',0,1,1,''),(87,'MG105022','[0,\"M10502\",\"M10501\",0,0,0,\"M10501\"]',0,1,1,''),(88,'MG105023','[\"M10502\",\"M10501\",\"M10502\",0,0,0,0]',0,1,1,''),(89,'MG105024','[\"M10503\",\"M10503\",0,0,0,0,\"M10504\"]',0,1,1,''),(90,'MG105025','[0,0,\"M10503\",0,0,\"M10504\",\"M10504\"]',0,1,1,''),(91,'MG105031','[0,0,\"M10504\",\"M10503\",0,0,\"M10503\"]',0,1,1,''),(92,'MG105032','[0,0,\"M10503\",\"M10505\",0,\"M10504\",0]',0,1,1,''),(93,'MG105033','[\"M10505\",\"M10504\",\"M10505\",0,0,0,0]',0,1,1,''),(94,'MG105034','[0,\"M10504\",\"M10505\",0,0,0,\"M10504\"]',0,1,1,''),(95,'MG105035','[0,\"M10505\",\"M10505\",0,0,\"M10505\",0]',0,1,1,''),(96,'MG205011','[0,\"M10504\",0,\"M10504\",0,\"M10505\",0]',0,1,1,''),(97,'MG205012','[0,0,\"M10505\",0,\"M20501\",0,\"M10505\"]',0,1,1,''),(98,'MG105041','[\"M10505\",\"M10505\",0,0,\"M10505\",0,0]',0,1,1,''),(99,'MG105042','[0,\"M10506\",0,\"M10506\",0,\"M10506\",0]',0,1,1,''),(100,'MG105043','[\"M10505\",0,0,\"M10505\",0,\"M10505\",0]',0,1,1,''),(101,'MG105044','[0,0,0,\"M10507\",\"M10507\",\"M10507\",0]',0,1,1,''),(102,'MG105045','[0,\"M10506\",\"M10506\",0,0,0,\"M10506\"]',0,1,1,''),(103,'MG105046','[\"M10507\",\"M10507\",0,0,\"M10507\",0,0]',0,1,1,''),(104,'MG205021','[\"M10505\",0,0,\"M10506\",0,\"M10505\",0]',0,1,1,''),(105,'MG205022','[0,\"M10505\",\"M10506\",0,0,0,\"M10506\"]',0,1,1,''),(106,'MG205023','[\"M20502\",\"M20503\",0,0,\"M20504\",0,0]',0,1,1,''),(107,'MG105051','[\"M10507\",0,\"M10510\",0,0,0,\"M10507\"]',0,1,1,''),(108,'MG105052','[0,\"M10507\",\"M10507\",0,0,0,\"M10510\"]',0,1,1,''),(109,'MG105053','[\"M10510\",\"M10507\",\"M10510\",0,0,0,0]',0,1,1,''),(110,'MG105054','[0,\"M10509\",0,\"M10509\",0,\"M10509\",0]',0,1,1,''),(111,'MG105055','[0,0,0,\"M10508\",\"M10508\",\"M10508\",0]',0,1,1,''),(112,'MG105056','[0,0,\"M10509\",0,\"M10508\",0,\"M10508\"]',0,1,1,''),(113,'MG105061','[0,\"M10509\",0,\"M10508\",0,\"M10508\",0]',0,1,1,''),(114,'MG105062','[0,0,0,\"M10508\",\"M10508\",\"M10508\",0]',0,1,1,''),(115,'MG105063','[0,\"M10509\",\"M10508\",0,0,0,\"M10508\"]',0,1,1,''),(116,'MG105064','[0,0,\"M10508\",\"M10509\",0,0,\"M10510\"]',0,1,1,''),(117,'MG105065','[\"M10509\",\"M10509\",0,0,\"M10510\",0,0]',0,1,1,''),(118,'MG205031','[\"M10510\",0,0,\"M10510\",\"M10510\",0,0]',0,1,1,''),(119,'MG205032','[0,\"M10510\",0,\"M10509\",0,0,\"M10509\"]',0,1,1,''),(120,'MG205033','[\"M20505\",\"M10509\",0,0,\"M10510\",0,0]',0,1,1,''),(121,'MG106011','[0,0,0,\"M10601\",\"M10602\",\"M10603\",0]',0,1,1,''),(122,'MG106012','[0,\"M10602\",\"M10603\",0,0,0,\"M10601\"]',0,1,1,''),(123,'MG106013','[\"M10601\",0,\"M10602\",0,0,0,\"M10603\"]',0,1,1,''),(124,'MG106014','[\"M10601\",0,0,\"M10602\",0,\"M10603\",0]',0,1,1,''),(125,'MG106015','[0,0,0,\"M10601\",\"M10602\",\"M10603\",0]',0,1,1,''),(126,'MG106016','[0,\"M10602\",0,\"M10601\",0,\"M10603\",0]',0,1,1,''),(127,'MG106021','[\"M10601\",0,\"M10604\",0,0,\"M10601\",0]',0,1,1,''),(128,'MG106022','[\"M10604\",\"M10604\",0,0,\"M10604\",0,0]',0,1,1,''),(129,'MG106023','[\"M10601\",\"M10604\",0,0,\"M10604\",0,0]',0,1,1,''),(130,'MG106024','[\"M10601\",\"M10604\",0,0,0,0,0]',0,1,1,''),(131,'MG106025','[0,\"M10604\",0,\"M10601\",0,\"M10605\",0]',0,1,1,''),(132,'MG106026','[\"M10601\",\"M10604\",0,0,\"M10605\",0,0]',0,1,1,''),(133,'MG106031','[0,0,\"M10603\",\"M10604\",0,\"M10604\",\"M10605\"]',0,1,1,''),(134,'MG106032','[\"M10603\",\"M10604\",\"M10604\",0,0,0,\"M10605\"]',0,1,1,''),(135,'MG106033','[\"M10603\",0,0,\"M10605\",\"M10605\",\"M10605\",0]',0,1,1,''),(136,'MG106034','[\"M10603\",\"M10605\",\"M10605\",0,0,0,\"M10605\"]',0,1,1,''),(137,'MG106035','[0,\"M10604\",\"M10604\",0,\"M10605\",\"M10605\",0]',0,1,1,''),(138,'MG106036','[\"M10604\",\"M10604\",0,\"M10605\",0,\"M10605\",0]',0,1,1,''),(139,'MG106041','[\"M10605\",\"M10606\",\"M10606\",0,0,\"M10607\",0]',0,1,1,''),(140,'MG106042','[\"M10605\",\"M10606\",\"M10606\",0,\"M10607\",0,0]',0,1,1,''),(141,'MG106043','[\"M10605\",\"M10606\",\"M10606\",0,0,0,\"M10607\"]',0,1,1,''),(142,'MG106044','[\"M10605\",\"M10606\",0,\"M10607\",0,\"M10607\",0]',0,1,1,''),(143,'MG106045','[\"M10605\",0,\"M10606\",0,\"M10606\",0,\"M10607\"]',0,1,1,''),(144,'MG106046','[\"M10605\",0,\"M10607\",\"M10607\",\"M10606\",0,0]',0,1,1,''),(145,'MG106051','[0,0,\"M10606\",\"M10606\",0,\"M10607\",\"M10607\"]',0,1,1,''),(146,'MG106052','[0,0,\"M10606\",\"M10606\",0,\"M10607\",\"M10607\"]',0,1,1,''),(147,'MG106053','[0,\"M10606\",\"M10606\",0,\"M10607\",\"M10607\",0]',0,1,1,''),(148,'MG106054','[0,\"M10606\",0,\"M10607\",\"M10607\",0,\"M10606\"]',0,1,1,''),(149,'MG106055','[0,0,\"M10608\",\"M10608\",\"M10608\",\"M10607\",0]',0,1,1,''),(150,'MG106056','[0,\"M10608\",0,0,\"M10607\",\"M10608\",\"M10608\"]',0,1,1,'');

/*Table structure for table `seaking_instancedungeon` */

DROP TABLE IF EXISTS `seaking_instancedungeon`;

CREATE TABLE `seaking_instancedungeon` (
  `id` int(10) NOT NULL AUTO_INCREMENT,
  `induId` varchar(60) NOT NULL DEFAULT '' COMMENT '副本Id',
  `name` varchar(100) NOT NULL DEFAULT '' COMMENT '副本名称',
  `cityId` int(10) NOT NULL DEFAULT '0' COMMENT '城市Id',
  `type` int(1) NOT NULL DEFAULT '1' COMMENT '1 - 任务副本 2 - boss副本 3 - 世界副本 4 - 神秘副本 5 - 材料副本',
  `maxIndex` tinyint(4) NOT NULL DEFAULT '0' COMMENT '副本位置Id',
  `induData` text NOT NULL COMMENT '怪物数据和宝箱数据[{"mgid":1,"eventId":1,"showMonsterId":1}]',
  `enterCondition` varchar(100) NOT NULL DEFAULT '' COMMENT 'enterCondition',
  `enterConditionValue` varchar(100) NOT NULL DEFAULT '' COMMENT 'enterConditionValue',
  `resourcePath` varchar(100) NOT NULL DEFAULT '' COMMENT 'resourcePath',
  `getExp` int(10) NOT NULL DEFAULT '0' COMMENT 'getExp',
  `getMoney` int(10) NOT NULL DEFAULT '0' COMMENT 'getMoney',
  `getItems` varchar(100) NOT NULL DEFAULT '' COMMENT 'getItems',
  `date` int(10) NOT NULL DEFAULT '0' COMMENT '日期',
  `bz` tinyint(1) NOT NULL DEFAULT '0' COMMENT '1 - 可用 2 - 不可用',
  `updateBz` tinyint(1) NOT NULL DEFAULT '1' COMMENT '1 - 新增 2 - 已更新到mysql',
  PRIMARY KEY (`id`),
  KEY `index_bz` (`bz`),
  KEY `index_updateBz` (`updateBz`)
) ENGINE=InnoDB AUTO_INCREMENT=88 DEFAULT CHARSET=utf8 COMMENT='副本表';

/*Data for the table `seaking_instancedungeon` */

insert  into `seaking_instancedungeon`(`id`,`induId`,`name`,`cityId`,`type`,`maxIndex`,`induData`,`enterCondition`,`enterConditionValue`,`resourcePath`,`getExp`,`getMoney`,`getItems`,`date`,`bz`,`updateBz`) values (1,'Ins10204','护送双岛',2,1,15,'[{\"eventId\":\"MG102041\",\"mgid\":\"MG102041\",\"showMonsterId\":\"M10208\"},{\"eventId\":\"MG102042\",\"mgid\":\"MG102042\",\"showMonsterId\":\"M10209\"},{\"eventId\":\"MG102043\",\"mgid\":\"MG102043\",\"showMonsterId\":\"M10210\"},{\"eventId\":\"MG102044\",\"mgid\":\"MG102044\",\"showMonsterId\":\"M10210\"},{\"eventId\":\"MG102045\",\"mgid\":\"MG102045\",\"showMonsterId\":\"M10209\"},{\"eventId\":\"MG102046\",\"mgid\":\"MG102046\",\"showMonsterId\":\"M10210\"},{\"eventId\":\"MG102047\",\"mgid\":\"MG102047\",\"showMonsterId\":\"M10210\"},null,null,{\"eventId\":\"E102041\"},{\"eventId\":\"E102042\"},null,null,null,null]','1','','',0,0,'',0,0,1),(2,'Ins20101','收集材料boss',1,2,15,'[{\"eventId\":\"MG201011\",\"mgid\":\"MG201011\",\"showMonsterId\":\"M10104\"},{\"eventId\":\"MG201012\",\"mgid\":\"MG201012\",\"showMonsterId\":\"M20101\"},null,null,null,null,null,null,null,{\"eventId\":\"E201011\"},null,null,null,null,null]','1','','',0,0,'',0,0,1),(3,'Ins10202','修复1',2,1,15,'[{\"eventId\":\"MG102021\",\"mgid\":\"MG102021\",\"showMonsterId\":\"M10204\"},{\"eventId\":\"MG102022\",\"mgid\":\"MG102022\",\"showMonsterId\":\"M10204\"},null,null,{\"eventId\":\"MG102025\",\"mgid\":\"MG102025\",\"showMonsterId\":\"M10204\"},null,null,null,null,{\"eventId\":\"E102021\"},{\"eventId\":\"E102022\"},{\"eventId\":\"E102023\"},{\"eventId\":\"E102024\"},null,null]','1','','',0,0,'',0,0,1),(4,'Ins10203','修复2',2,1,15,'[{\"eventId\":\"MG102031\",\"mgid\":\"MG102031\",\"showMonsterId\":\"M10206\"},{\"eventId\":\"MG102032\",\"mgid\":\"MG102032\",\"showMonsterId\":\"M10207\"},{\"eventId\":\"MG102033\",\"mgid\":\"MG102033\"},null,{\"eventId\":\"MG102035\",\"mgid\":\"MG102035\",\"showMonsterId\":\"M10206\"},{\"eventId\":\"MG102036\",\"mgid\":\"MG102036\",\"showMonsterId\":\"M10206\"},{\"eventId\":\"MG102037\",\"mgid\":\"MG102037\",\"showMonsterId\":0},null,null,{\"eventId\":\"E102031\"},{\"eventId\":\"E102032\"},null,null,null,null]','1','','',0,0,'',0,0,1),(5,'Ins10102','回忆自己',1,1,15,'[{\"eventId\":\"MG101021\",\"mgid\":\"MG101021\",\"showMonsterId\":\"M10103\"},{\"eventId\":\"MG101022\",\"mgid\":\"MG101022\",\"showMonsterId\":\"M10102\"},{\"eventId\":\"MG101023\",\"mgid\":\"MG101023\",\"showMonsterId\":\"M10103\"},{\"eventId\":\"MG101024\",\"mgid\":\"MG101024\",\"showMonsterId\":\"M10102\"},{\"eventId\":\"MG101025\",\"mgid\":\"MG101025\",\"showMonsterId\":\"M10102\"},{\"eventId\":\"MG101026\",\"mgid\":\"MG101026\",\"showMonsterId\":\"M10103\"},null,null,null,{\"eventId\":\"E101021\"},{\"eventId\":\"E101022\"},null,null,null,null]','1','','',0,0,'',0,0,1),(6,'Ins20201','铁拳',2,2,15,'[{\"eventId\":\"MG202011\",\"mgid\":\"MG202011\",\"showMonsterId\":\"M20201\"},null,null,null,null,null,null,null,null,{\"eventId\":\"E202011\"},null,null,null,null,null]','1','','',0,0,'',0,0,1),(7,'Ins10201','闯入流风湾',2,1,15,'[{\"eventId\":\"MG102011\",\"mgid\":\"MG102011\",\"showMonsterId\":\"M10201\"},{\"eventId\":\"MG102012\",\"mgid\":\"MG102012\",\"showMonsterId\":\"M10201\"},{\"eventId\":\"MG102013\",\"mgid\":\"MG102013\",\"showMonsterId\":\"M10203\"},{\"eventId\":\"MG102014\",\"mgid\":\"MG102014\",\"showMonsterId\":\"M10202\"},{\"eventId\":\"MG102015\",\"mgid\":\"MG102015\",\"showMonsterId\":\"M10203\"},{\"eventId\":\"MG102016\",\"mgid\":\"MG102016\",\"showMonsterId\":\"M10203\"},null,null,null,{\"eventId\":\"E102011\"},{\"eventId\":\"E102012\"},{\"eventId\":\"E102013\"},null,null,null]','1','','',0,0,'',0,0,1),(8,'Ins10104','离开',1,1,15,'[{\"eventId\":\"MG101041\",\"mgid\":\"MG101041\",\"showMonsterId\":\"M10105\"},{\"eventId\":\"MG101042\",\"mgid\":\"MG101042\",\"showMonsterId\":\"M10106\"},{\"eventId\":\"MG101043\",\"mgid\":\"MG101043\",\"showMonsterId\":\"M10105\"},{\"eventId\":\"MG101044\",\"mgid\":\"MG101044\",\"showMonsterId\":\"M10106\"},{\"eventId\":\"MG101045\",\"mgid\":\"MG101045\",\"showMonsterId\":\"M10105\"},{\"eventId\":\"MG101046\",\"mgid\":\"MG101046\",\"showMonsterId\":\"M10106\"},{\"eventId\":\"MG101047\",\"mgid\":\"MG101047\",\"showMonsterId\":\"M10106\"},null,null,{\"eventId\":\"E101041\"},{\"eventId\":\"E101042\"},null,null,null,null]','1','','',0,0,'',0,0,1),(9,'Ins10101','救女孩',1,1,15,'[{\"eventId\":\"MG101011\",\"mgid\":\"MG101011\",\"showMonsterId\":\"M10101\"},{\"eventId\":\"MG101012\",\"mgid\":\"MG101012\",\"showMonsterId\":\"M10101\"},{\"eventId\":\"MG101013\",\"mgid\":\"MG101013\",\"showMonsterId\":\"M10101\"},{\"eventId\":\"MG101014\",\"mgid\":\"MG101014\",\"showMonsterId\":\"M10101\"},{\"eventId\":\"MG101015\",\"mgid\":\"MG101015\",\"showMonsterId\":\"M10102\"},null,null,null,null,{\"eventId\":\"E101011\"},{\"eventId\":\"E101012\"},null,null,null,null]','1','','',0,0,'',0,0,1),(10,'Ins10103','建造小船',1,1,15,'[{\"eventId\":\"MG101031\",\"mgid\":\"MG101031\",\"showMonsterId\":\"M10103\"},{\"eventId\":\"MG101032\",\"mgid\":\"MG101032\",\"showMonsterId\":\"M10104\"},{\"eventId\":\"MG101033\",\"mgid\":\"MG101033\",\"showMonsterId\":\"M10103\"},{\"eventId\":\"MG101034\",\"mgid\":\"MG101034\",\"showMonsterId\":\"M10104\"},{\"eventId\":\"MG101035\",\"mgid\":\"MG101035\",\"showMonsterId\":\"M10104\"},null,null,null,null,{\"eventId\":\"E101031\"},{\"eventId\":\"E101032\"},{\"eventId\":\"E101033\"},{\"eventId\":\"E101034\"},null,null]','1','','',0,0,'',0,0,1),(11,'Ins10205','杀boss的路上',2,1,15,'[{\"eventId\":\"MG102051\",\"mgid\":\"MG102051\",\"showMonsterId\":\"M10210\"},{\"eventId\":\"MG102052\",\"mgid\":\"MG102052\",\"showMonsterId\":\"M10209\"},{\"eventId\":\"MG102053\",\"mgid\":\"MG102053\",\"showMonsterId\":\"M10208\"},null,{\"eventId\":\"MG102055\",\"mgid\":\"MG102055\",\"showMonsterId\":\"M10209\"},{\"eventId\":\"MG102056\",\"mgid\":\"MG102056\",\"showMonsterId\":\"M10210\"},{\"eventId\":\"MG102057\",\"mgid\":\"MG102057\",\"showMonsterId\":0},null,null,{\"eventId\":\"E102051\"},{\"eventId\":\"E102052\"},{\"eventId\":\"E102053\"},null,null,null]','1','','',0,0,'',0,0,1),(12,'Ins20202','boss',2,2,15,'[{\"eventId\":\"MG202021\",\"mgid\":\"MG202021\",\"showMonsterId\":\"M20203\"},{\"eventId\":\"MG202022\",\"mgid\":\"MG202022\",\"showMonsterId\":\"M20204\"},null,null,null,null,null,null,null,{\"eventId\":\"E202021\"},{\"eventId\":\"E202022\"},null,null,null,null]','1','','',0,0,'',0,0,1),(13,'Ins10401','海上遇到阻拦',4,1,15,'[{\"eventId\":\"MG104011\",\"mgid\":\"MG104011\",\"showMonsterId\":\"M10401\"},{\"eventId\":\"MG104012\",\"mgid\":\"MG104012\",\"showMonsterId\":\"M10401\"},{\"eventId\":\"MG104013\",\"mgid\":\"MG104013\",\"showMonsterId\":\"M10401\"},{\"eventId\":\"MG104014\",\"mgid\":\"MG104014\",\"showMonsterId\":\"M10401\"},{\"eventId\":\"MG104015\",\"mgid\":\"MG104015\",\"showMonsterId\":\"M10401\"},{\"eventId\":\"MG104016\",\"mgid\":\"MG104016\",\"showMonsterId\":\"M10401\"},{\"eventId\":\"MG104017\",\"mgid\":\"MG104017\",\"showMonsterId\":\"M10402\"},null,null,{\"eventId\":\"E104011\"},{\"eventId\":\"E104012\"},{\"eventId\":\"E104013\"},null,null,null]','1','','',0,0,'',0,0,1),(14,'Ins10402','村子',4,1,15,'[{\"eventId\":\"MG104021\",\"mgid\":\"MG104021\",\"showMonsterId\":\"M10403\"},{\"eventId\":\"MG104022\",\"mgid\":\"MG104022\",\"showMonsterId\":\"M10401\"},{\"eventId\":\"MG104023\",\"mgid\":\"MG104023\",\"showMonsterId\":\"M10401\"},{\"eventId\":\"MG104024\",\"mgid\":\"MG104024\",\"showMonsterId\":\"M10401\"},{\"eventId\":\"MG104025\",\"mgid\":\"MG104025\",\"showMonsterId\":\"M10404\"},{\"eventId\":\"MG104026\",\"mgid\":\"MG104026\",\"showMonsterId\":\"M10403\"},null,null,null,{\"eventId\":\"E104021\"},{\"eventId\":\"E104022\"},{\"eventId\":\"E104023\"},null,null,null]','1','','',0,0,'',0,0,1),(15,'Ins10403','村子周围',4,1,15,'[{\"eventId\":\"MG104031\",\"mgid\":\"MG104031\",\"showMonsterId\":\"M10401\"},{\"eventId\":\"MG104032\",\"mgid\":\"MG104032\",\"showMonsterId\":\"M10403\"},{\"eventId\":\"MG104033\",\"mgid\":\"MG104033\",\"showMonsterId\":\"M10402\"},{\"eventId\":\"MG104034\",\"mgid\":\"MG104034\",\"showMonsterId\":\"M10403\"},{\"eventId\":\"MG104035\",\"mgid\":\"MG104035\",\"showMonsterId\":\"M10402\"},null,null,null,null,{\"eventId\":\"E104031\"},{\"eventId\":\"E104032\"},null,null,null,null]','1','','',0,0,'',0,0,1),(16,'Ins20401','疯狂的女孩',4,2,15,'[{\"eventId\":\"MG204011\",\"mgid\":\"MG204011\",\"showMonsterId\":\"M10402\"},{\"eventId\":\"MG204012\",\"mgid\":\"MG204012\",\"showMonsterId\":\"M10402\"},{\"eventId\":\"MG204013\",\"mgid\":\"MG204013\",\"showMonsterId\":\"M10402\"},null,null,null,null,null,null,{\"eventId\":\"E204011\"},null,null,null,null,null]','1','','',0,0,'',0,0,1),(17,'Ins10501','寻找天外村',5,1,15,'[{\"eventId\":\"MG105011\",\"mgid\":\"MG105011\",\"showMonsterId\":\"M10402\"},{\"eventId\":\"MG105012\",\"mgid\":\"MG105012\",\"showMonsterId\":\"M10501\"},{\"eventId\":\"MG105013\",\"mgid\":\"MG105013\",\"showMonsterId\":\"M10402\"},{\"eventId\":\"MG105014\",\"mgid\":\"MG105014\",\"showMonsterId\":\"M10402\"},{\"eventId\":\"MG105015\",\"mgid\":\"MG105015\",\"showMonsterId\":\"M10502\"},{\"eventId\":\"MG105016\",\"mgid\":\"MG105016\",\"showMonsterId\":\"M10502\"},null,null,null,{\"eventId\":\"E105011\"},null,null,null,null,null]','1','','',0,0,'',0,0,1),(18,'Ins10502','拯救老人1',5,1,15,'[{\"eventId\":\"MG105021\",\"mgid\":\"MG105021\",\"showMonsterId\":\"M10501\"},{\"eventId\":\"MG105022\",\"mgid\":\"MG105022\",\"showMonsterId\":\"M10502\"},{\"eventId\":\"MG105023\",\"mgid\":\"MG105023\",\"showMonsterId\":\"M10502\"},{\"eventId\":\"MG105024\",\"mgid\":\"MG105024\",\"showMonsterId\":\"M10503\"},{\"eventId\":\"MG105025\",\"mgid\":\"MG105025\",\"showMonsterId\":\"M10503\"},null,null,null,null,{\"eventId\":\"E105021\"},{\"eventId\":\"E105022\"},null,null,null,null]','1','','',0,0,'',0,0,1),(19,'Ins10503','拯救老人2',5,1,15,'[{\"eventId\":\"MG105031\",\"mgid\":\"MG105031\",\"showMonsterId\":\"M10504\"},{\"eventId\":\"MG105032\",\"mgid\":\"MG105032\",\"showMonsterId\":\"M10503\"},{\"eventId\":\"MG105033\",\"mgid\":\"MG105033\",\"showMonsterId\":\"M10505\"},{\"eventId\":\"MG105034\",\"mgid\":\"MG105034\",\"showMonsterId\":\"M10504\"},{\"eventId\":\"MG105035\",\"mgid\":\"MG105035\",\"showMonsterId\":\"M10505\"},null,null,null,null,{\"eventId\":\"E105031\"},{\"eventId\":\"E105032\"},{\"eventId\":\"E105033\"},{\"eventId\":\"E105034\"},null,null]','1','','',0,0,'',0,0,1),(20,'Ins20501','拯救老人小boss',5,2,15,'[{\"eventId\":\"MG205011\",\"mgid\":\"MG205011\",\"showMonsterId\":\"M10504\"},{\"eventId\":\"MG205012\",\"mgid\":\"MG205012\",\"showMonsterId\":\"M10505\"},null,null,null,null,null,null,null,{\"eventId\":\"E205011\"},null,null,null,null,null]','1','','',0,0,'',0,0,1),(21,'Ins10504','寻找医生1',5,1,15,'[{\"eventId\":\"MG105041\",\"mgid\":\"MG105041\",\"showMonsterId\":\"M10505\"},{\"eventId\":\"MG105042\",\"mgid\":\"MG105042\",\"showMonsterId\":\"M10506\"},{\"eventId\":\"MG105043\",\"mgid\":\"MG105043\",\"showMonsterId\":\"M10505\"},{\"eventId\":\"MG105044\",\"mgid\":\"MG105044\",\"showMonsterId\":\"M10507\"},{\"eventId\":\"MG105045\",\"mgid\":\"MG105045\",\"showMonsterId\":\"M10506\"},{\"eventId\":\"MG105046\",\"mgid\":\"MG105046\",\"showMonsterId\":\"M10507\"},null,null,null,{\"eventId\":\"E105041\"},{\"eventId\":\"E105042\"},null,null,null,null]','1','','',0,0,'',0,0,1),(22,'Ins20502','寻找医生2',5,2,15,'[{\"eventId\":\"MG205021\",\"mgid\":\"MG205021\",\"showMonsterId\":\"M10505\"},{\"eventId\":\"MG205022\",\"mgid\":\"MG205022\",\"showMonsterId\":\"M10505\"},{\"eventId\":\"MG205023\",\"mgid\":\"MG205023\",\"showMonsterId\":\"M20502\"},null,null,null,null,null,null,{\"eventId\":\"E205021\"},null,null,null,null,null]','1','','',0,0,'',0,0,1),(23,'Ins10505','寻找灵药1',5,1,15,'[{\"eventId\":\"MG105051\",\"mgid\":\"MG105051\",\"showMonsterId\":\"M10507\"},{\"eventId\":\"MG105052\",\"mgid\":\"MG105052\",\"showMonsterId\":\"M10507\"},{\"eventId\":\"MG105053\",\"mgid\":\"MG105053\",\"showMonsterId\":\"M10510\"},{\"eventId\":\"MG105054\",\"mgid\":\"MG105054\",\"showMonsterId\":\"M10509\"},{\"eventId\":\"MG105055\",\"mgid\":\"MG105055\",\"showMonsterId\":\"M10508\"},{\"eventId\":\"MG105056\",\"mgid\":\"MG105056\",\"showMonsterId\":\"M10509\"},null,null,null,{\"eventId\":\"E105051\"},{\"eventId\":\"E105052\"},null,null,null,null]','1','','',0,0,'',0,0,1),(24,'Ins10506','寻找灵药2',5,1,15,'[{\"eventId\":\"MG105061\",\"mgid\":\"MG105061\",\"showMonsterId\":\"M10509\"},{\"eventId\":\"MG105062\",\"mgid\":\"MG105062\",\"showMonsterId\":\"M10508\"},{\"eventId\":\"MG105063\",\"mgid\":\"MG105063\",\"showMonsterId\":\"M10509\"},{\"eventId\":\"MG105064\",\"mgid\":\"MG105064\",\"showMonsterId\":\"M10508\"},{\"eventId\":\"MG105065\",\"mgid\":\"MG105065\",\"showMonsterId\":\"M10509\"},null,null,null,null,{\"eventId\":\"E105061\"},{\"eventId\":\"E105062\"},null,null,null,null]','1','','',0,0,'',0,0,1),(25,'Ins20503','灵药Boss',5,2,15,'[{\"eventId\":\"MG205031\",\"mgid\":\"MG205031\",\"showMonsterId\":\"M10510\"},{\"eventId\":\"MG205032\",\"mgid\":\"MG205032\",\"showMonsterId\":\"M10510\"},{\"eventId\":\"MG205033\",\"mgid\":\"MG205033\",\"showMonsterId\":\"M20505\"},null,null,null,null,null,null,{\"eventId\":\"E205031\"},null,null,null,null,null]','1','','',0,0,'',0,0,1),(26,'Ins10601','寻找极光之城',6,1,15,'[{\"eventId\":\"MG106011\",\"mgid\":\"MG106011\",\"showMonsterId\":\"M10601\"},{\"eventId\":\"MG106012\",\"mgid\":\"MG106012\",\"showMonsterId\":\"M10602\"},{\"eventId\":\"MG106013\",\"mgid\":\"MG106013\",\"showMonsterId\":\"M10601\"},{\"eventId\":\"MG106014\",\"mgid\":\"MG106014\",\"showMonsterId\":\"M10601\"},{\"eventId\":\"MG106015\",\"mgid\":\"MG106015\",\"showMonsterId\":\"M10601\"},{\"eventId\":\"MG106016\",\"mgid\":\"MG106016\",\"showMonsterId\":\"M10602\"},null,null,null,{\"eventId\":\"E106011\"},{\"eventId\":\"E106012\"},null,null,null,null]','1','','',0,0,'',0,0,1),(27,'Ins10602','护送占星师1',6,1,15,'[{\"eventId\":\"MG106021\",\"mgid\":\"MG106021\",\"showMonsterId\":\"M10601\"},{\"eventId\":\"MG106022\",\"mgid\":\"MG106022\",\"showMonsterId\":\"M10604\"},{\"eventId\":\"MG106023\",\"mgid\":\"MG106023\",\"showMonsterId\":\"M10601\"},{\"eventId\":\"MG106024\",\"mgid\":\"MG106024\",\"showMonsterId\":\"M10601\"},{\"eventId\":\"MG106025\",\"mgid\":\"MG106025\",\"showMonsterId\":\"M10604\"},{\"eventId\":\"MG106026\",\"mgid\":\"MG106026\",\"showMonsterId\":\"M10601\"},null,null,null,{\"eventId\":\"E106021\"},{\"eventId\":\"E106022\"},null,null,null,null]','1','','',0,0,'',0,0,1),(28,'Ins10603','护送占星师2',6,1,15,'[{\"eventId\":\"MG106031\",\"mgid\":\"MG106031\",\"showMonsterId\":\"M10603\"},{\"eventId\":\"MG106032\",\"mgid\":\"MG106032\",\"showMonsterId\":\"M10603\"},{\"eventId\":\"MG106033\",\"mgid\":\"MG106033\",\"showMonsterId\":\"M10603\"},{\"eventId\":\"MG106034\",\"mgid\":\"MG106034\",\"showMonsterId\":\"M10603\"},{\"eventId\":\"MG106035\",\"mgid\":\"MG106035\",\"showMonsterId\":\"M10604\"},{\"eventId\":\"MG106036\",\"mgid\":\"MG106036\",\"showMonsterId\":\"M10604\"},null,null,null,{\"eventId\":\"E106031\"},{\"eventId\":\"E106032\"},null,null,null,null]','1','','',0,0,'',0,0,1),(29,'Ins10604','返回极光之城',6,1,15,'[{\"eventId\":\"MG106041\",\"mgid\":\"MG106041\",\"showMonsterId\":\"M10605\"},{\"eventId\":\"MG106042\",\"mgid\":\"MG106042\",\"showMonsterId\":\"M10605\"},{\"eventId\":\"MG106043\",\"mgid\":\"MG106043\",\"showMonsterId\":\"M10605\"},{\"eventId\":\"MG106044\",\"mgid\":\"MG106044\",\"showMonsterId\":\"M10605\"},{\"eventId\":\"MG106045\",\"mgid\":\"MG106045\",\"showMonsterId\":\"M10605\"},{\"eventId\":\"MG106046\",\"mgid\":\"MG106046\",\"showMonsterId\":\"M10605\"},null,null,null,{\"eventId\":\"E106041\"},{\"eventId\":\"E106042\"},null,null,null,null]','1','','',0,0,'',0,0,1),(30,'Ins10605','寻找丛林沼泽',6,1,15,'[{\"eventId\":\"MG106051\",\"mgid\":\"MG106051\",\"showMonsterId\":\"M10606\"},{\"eventId\":\"MG106052\",\"mgid\":\"MG106052\",\"showMonsterId\":\"M10606\"},{\"eventId\":\"MG106053\",\"mgid\":\"MG106053\",\"showMonsterId\":\"M10606\"},{\"eventId\":\"MG106054\",\"mgid\":\"MG106054\",\"showMonsterId\":\"M10606\"},{\"eventId\":\"MG106055\",\"mgid\":\"MG106055\",\"showMonsterId\":\"M10608\"},{\"eventId\":\"MG106056\",\"mgid\":\"MG106056\",\"showMonsterId\":\"M10608\"},null,null,null,{\"eventId\":\"E106051\"},{\"eventId\":\"E106052\"},null,null,null,null]','1','','',0,0,'',0,0,1),(31,'Ins10701','丛林沼泽',7,1,15,'[null,null,null,null,null,null,null,null,null,{\"eventId\":\"E107011\"},{\"eventId\":\"E107012\"},{\"eventId\":\"E107013\"},null,null,null]','1','','',0,0,'',0,0,1),(32,'Ins10702','五彩丛林',7,1,15,'[null,null,null,null,null,null,null,null,null,{\"eventId\":\"E107021\"},{\"eventId\":\"E107022\"},null,null,null,null]','1','','',0,0,'',0,0,1),(33,'Ins10703','五色毒蛊',7,1,15,'[null,null,null,null,null,null,null,null,null,{\"eventId\":\"E107031\"},{\"eventId\":\"E107032\"},null,null,null,null]','1','','',0,0,'',0,0,1),(34,'Ins20701','毒蛊boss',7,2,15,'[null,null,null,null,null,null,null,null,null,{\"eventId\":\"E207011\"},null,null,null,null,null]','1','','',0,0,'',0,0,1),(35,'Ins10704','毒腐沼泽1',7,1,15,'[null,null,null,null,null,null,null,null,null,{\"eventId\":\"E107041\"},{\"eventId\":\"E107042\"},null,null,null,null]','1','','',0,0,'',0,0,1),(36,'Ins10705','腐蚀烈焰',7,1,15,'[null,null,null,null,null,null,null,null,null,{\"eventId\":\"E107051\"},{\"eventId\":\"E107052\"},{\"eventId\":\"E107053\"},null,null,null]','1','','',0,0,'',0,0,1),(37,'Ins20702','烈焰兽',7,2,15,'[null,null,null,null,null,null,null,null,null,{\"eventId\":\"E207021\"},null,null,null,null,null]','1','','',0,0,'',0,0,1),(38,'Ins20703','烈焰焚身1',7,2,15,'[null,null,null,null,null,null,null,null,null,{\"eventId\":\"E207031\"},null,null,null,null,null]','1','','',0,0,'',0,0,1),(39,'Ins20704','烈焰焚身2',7,2,15,'[null,null,null,null,null,null,null,null,null,{\"eventId\":\"E207041\"},null,null,null,null,null]','1','','',0,0,'',0,0,1),(40,'Ins20705','烈焰焚身3',7,2,15,'[null,null,null,null,null,null,null,null,null,{\"eventId\":\"E207051\"},null,null,null,null,null]','1','','',0,0,'',0,0,1),(41,'Ins10801','流沙迷宫1',8,1,15,'[null,null,null,null,null,null,null,null,null,{\"eventId\":\"E108011\"},{\"eventId\":\"E108012\"},{\"eventId\":\"E108013\"},{\"eventId\":\"E108014\"},null,null]','1','','',0,0,'',0,0,1),(42,'Ins10802','流沙迷宫2',8,1,15,'[null,null,null,null,null,null,null,null,null,{\"eventId\":\"E108021\"},{\"eventId\":\"E108022\"},{\"eventId\":\"E108023\"},{\"eventId\":\"E108024\"},null,null]','1','','',0,0,'',0,0,1),(43,'Ins10803','流沙迷宫3',8,1,15,'[null,null,null,null,null,null,null,null,null,{\"eventId\":\"E108031\"},{\"eventId\":\"E108032\"},null,null,null,null]','1','','',0,0,'',0,0,1),(44,'Ins10804','原始泉源1',8,1,15,'[null,null,null,null,null,null,null,null,null,{\"eventId\":\"E108041\"},{\"eventId\":\"E108042\"},null,null,null,null]','1','','',0,0,'',0,0,1),(45,'Ins10805','原始泉源2',8,1,15,'[null,null,null,null,null,null,null,null,null,{\"eventId\":\"E108051\"},null,null,null,null,null]','1','','',0,0,'',0,0,1),(46,'Ins10806','原始泉源3',8,1,15,'[null,null,null,null,null,null,null,null,null,{\"eventId\":\"E108061\"},{\"eventId\":\"E108062\"},null,null,null,null]','1','','',0,0,'',0,0,1),(47,'Ins20801','守护灵兽',8,2,15,'[null,null,null,null,null,null,null,null,null,{\"eventId\":\"E208011\"},null,null,null,null,null]','1','','',0,0,'',0,0,1),(48,'Ins20802','水镜1',8,2,15,'[null,null,null,null,null,null,null,null,null,{\"eventId\":\"E208021\"},null,null,null,null,null]','1','','',0,0,'',0,0,1),(49,'Ins20803','水镜2',8,2,15,'[null,null,null,null,null,null,null,null,null,{\"eventId\":\"E208031\"},null,null,null,null,null]','1','','',0,0,'',0,0,1),(50,'Ins20804','水镜3',8,2,15,'[null,null,null,null,null,null,null,null,null,{\"eventId\":\"E208041\"},null,null,null,null,null]','1','','',0,0,'',0,0,1),(51,'Ins10901','上山',9,1,15,'[null,null,null,null,null,null,null,null,null,{\"eventId\":\"E109011\"},null,null,null,null,null]','1','','',0,0,'',0,0,1),(52,'Ins10902','村子',9,1,15,'[null,null,null,null,null,null,null,null,null,{\"eventId\":\"E109021\"},{\"eventId\":\"E109022\"},{\"eventId\":\"E109023\"},null,null,null]','1','','',0,0,'',0,0,1),(53,'Ins10903','火焰之地',9,1,15,'[null,null,null,null,null,null,null,null,null,{\"eventId\":\"E109031\"},null,null,null,null,null]','1','','',0,0,'',0,0,1),(54,'Ins10904','冰晶迷宫',9,1,15,'[null,null,null,null,null,null,null,null,null,{\"eventId\":\"E109041\"},{\"eventId\":\"E109042\"},null,null,null,null]','1','','',0,0,'',0,0,1),(55,'Ins10905','结界边缘',9,1,15,'[null,null,null,null,null,null,null,null,null,{\"eventId\":\"E109051\"},{\"eventId\":\"E109052\"},null,null,null,null]','1','','',0,0,'',0,0,1),(56,'Ins20901','守护结界',9,2,15,'[null,null,null,null,null,null,null,null,null,{\"eventId\":\"E209011\"},{\"eventId\":\"E209012\"},null,null,null,null]','1','','',0,0,'',0,0,1),(57,'Ins11001','护送族人',10,1,15,'[null,null,null,null,null,null,null,null,null,{\"eventId\":\"E110011\"},{\"eventId\":\"E110012\"},null,null,null,null]','1','','',0,0,'',0,0,1),(58,'Ins11002','毁坏的迷宫1',10,1,15,'[null,null,null,null,null,null,null,null,null,{\"eventId\":\"E110021\"},{\"eventId\":\"E110022\"},null,null,null,null]','1','','',0,0,'',0,0,1),(59,'Ins11003','毁坏的迷宫2',10,1,15,'[null,null,null,null,null,null,null,null,null,{\"eventId\":\"E110031\"},null,null,null,null,null]','1','','',0,0,'',0,0,1),(60,'Ins11101','混乱的城市1',11,1,15,'[null,null,null,null,null,null,null,null,null,{\"eventId\":\"E111011\"},{\"eventId\":\"E111012\"},null,null,null,null]','1','','',0,0,'',0,0,1),(61,'Ins11102','混乱的城市2',11,1,15,'[null,null,null,null,null,null,null,null,null,{\"eventId\":\"E111021\"},{\"eventId\":\"E111022\"},{\"eventId\":\"E111023\"},{\"eventId\":\"E111024\"},null,null]','1','','',0,0,'',0,0,1),(62,'Ins11103','思维幻境1',11,1,15,'[null,null,null,null,null,null,null,null,null,{\"eventId\":\"E111031\"},{\"eventId\":\"E111032\"},null,null,null,null]','1','','',0,0,'',0,0,1),(63,'Ins11104','思维幻境2',11,1,15,'[null,null,null,null,null,null,null,null,null,{\"eventId\":\"E111041\"},{\"eventId\":\"E111042\"},null,null,null,null]','1','','',0,0,'',0,0,1),(64,'Ins21101','思维傀儡',11,2,15,'[null,null,null,null,null,null,null,null,null,{\"eventId\":\"E211011\"},null,null,null,null,null]','1','','',0,0,'',0,0,1),(65,'Ins11201','混乱海域1',12,1,15,'[null,null,null,null,null,null,null,null,null,{\"eventId\":\"E112011\"},{\"eventId\":\"E112012\"},{\"eventId\":\"E112013\"},{\"eventId\":\"E112014\"},null,null]','1','','',0,0,'',0,0,1),(66,'Ins11202','混乱海域2',12,1,15,'[null,null,null,null,null,null,null,null,null,{\"eventId\":\"E112021\"},{\"eventId\":\"E112022\"},{\"eventId\":\"E112023\"},{\"eventId\":\"E112024\"},null,null]','1','','',0,0,'',0,0,1),(67,'Ins11203','奇异阵法',12,1,15,'[null,null,null,null,null,null,null,null,null,{\"eventId\":\"E112031\"},{\"eventId\":\"E112032\"},null,null,null,null]','1','','',0,0,'',0,0,1),(68,'Ins11204','村子',12,1,15,'[null,null,null,null,null,null,null,null,null,{\"eventId\":\"E112041\"},{\"eventId\":\"E112042\"},{\"eventId\":\"E112043\"},null,null,null]','1','','',0,0,'',0,0,1),(69,'Ins21201','发疯的妹子',12,2,15,'[null,null,null,null,null,null,null,null,null,{\"eventId\":\"E212011\"},null,null,null,null,null]','1','','',0,0,'',0,0,1),(70,'Ins11301','天外村',13,1,15,'[null,null,null,null,null,null,null,null,null,{\"eventId\":\"E113011\"},{\"eventId\":\"E113012\"},{\"eventId\":\"E113013\"},null,null,null]','1','','',0,0,'',0,0,1),(71,'Ins11302','上山',13,1,15,'[null,null,null,null,null,null,null,null,null,{\"eventId\":\"E113021\"},{\"eventId\":\"E113022\"},null,null,null,null]','1','','',0,0,'',0,0,1),(72,'Ins21301','灵魂医士战斗',13,2,15,'[null,null,null,null,null,null,null,null,null,{\"eventId\":\"E213011\"},{\"eventId\":\"E213012\"},{\"eventId\":\"E213013\"},null,null,null]','1','','',0,0,'',0,0,1),(73,'Ins11303','追赶1',13,1,15,'[null,null,null,null,null,null,null,null,null,{\"eventId\":\"E113031\"},{\"eventId\":\"E113032\"},null,null,null,null]','1','','',0,0,'',0,0,1),(74,'Ins11304','追赶2',13,1,15,'[null,null,null,null,null,null,null,null,null,{\"eventId\":\"E113041\"},{\"eventId\":\"E113042\"},null,null,null,null]','1','','',0,0,'',0,0,1),(75,'Ins11401','上山',14,1,15,'[null,null,null,null,null,null,null,null,null,{\"eventId\":\"E114011\"},null,null,null,null,null]','1','','',0,0,'',0,0,1),(76,'Ins11402','火焰之地',14,1,15,'[null,null,null,null,null,null,null,null,null,{\"eventId\":\"E114021\"},null,null,null,null,null]','1','','',0,0,'',0,0,1),(77,'Ins11403','冰晶迷宫',14,1,15,'[null,null,null,null,null,null,null,null,null,{\"eventId\":\"E114031\"},{\"eventId\":\"E114032\"},null,null,null,null]','1','','',0,0,'',0,0,1),(78,'Ins11404','阻止结界开启',14,1,15,'[null,null,null,null,null,null,null,null,null,{\"eventId\":\"E114041\"},{\"eventId\":\"E114042\"},null,null,null,null]','1','','',0,0,'',0,0,1),(79,'Ins11501','拯救族人',15,1,15,'[null,null,null,null,null,null,null,null,null,{\"eventId\":\"E115011\"},{\"eventId\":\"E115012\"},null,null,null,null]','1','','',0,0,'',0,0,1),(80,'Ins11502','护送自己',15,1,15,'[null,null,null,null,null,null,null,null,null,{\"eventId\":\"E115021\"},null,null,null,null,null]','1','','',0,0,'',0,0,1),(81,'Ins11503','寻找B1',15,1,15,'[null,null,null,null,null,null,null,null,null,{\"eventId\":\"E115031\"},{\"eventId\":\"E115032\"},null,null,null,null]','1','','',0,0,'',0,0,1),(82,'Ins11504','寻找B2',15,1,15,'[null,null,null,null,null,null,null,null,null,{\"eventId\":\"E115041\"},{\"eventId\":\"E115042\"},null,null,null,null]','1','','',0,0,'',0,0,1),(83,'Ins21501','火焰精灵',15,2,15,'[null,null,null,null,null,null,null,null,null,{\"eventId\":\"E215011\"},null,null,null,null,null]','1','','',0,0,'',0,0,1),(84,'Ins11601','冰雪长城1',16,1,15,'[null,null,null,null,null,null,null,null,null,{\"eventId\":\"E116011\"},{\"eventId\":\"E116012\"},null,null,null,null]','1','','',0,0,'',0,0,1),(85,'Ins11602','冰雪长城2',16,1,15,'[null,null,null,null,null,null,null,null,null,{\"eventId\":\"E116021\"},{\"eventId\":\"E116022\"},null,null,null,null]','1','','',0,0,'',0,0,1),(86,'Ins11603','冰雪长城3',16,1,15,'[null,null,null,null,null,null,null,null,null,{\"eventId\":\"E116031\"},{\"eventId\":\"E116032\"},null,null,null,null]','1','','',0,0,'',0,0,1),(87,'Ins21601','末日开启',16,2,15,'[null,null,null,null,null,null,null,null,null,{\"eventId\":\"E216011\"},{\"eventId\":\"E216012\"},{\"eventId\":\"E216013\"},{\"eventId\":\"E216014\"},null,null]','1','','',0,0,'',0,0,1);

/*Table structure for table `seaking_items` */

DROP TABLE IF EXISTS `seaking_items`;

CREATE TABLE `seaking_items` (
  `id` int(10) NOT NULL AUTO_INCREMENT,
  `itemId` varchar(60) NOT NULL DEFAULT '' COMMENT 'itemId',
  `name` varchar(60) NOT NULL DEFAULT '' COMMENT '名称',
  `description` varchar(200) NOT NULL DEFAULT '' COMMENT '描述',
  `itemType` int(10) NOT NULL DEFAULT '0' COMMENT '100 - 无属性材料 201 - 可使用道具图纸 202 - 礼包 203 - 药品 301 - 装备 玩家移动速度 302 - 幸运 303 - 精力上限 304 - 经历恢复速度 305 - 耐久 306 - 物攻 307 - 技攻 308 - 防御',
  `price` int(10) NOT NULL DEFAULT '0' COMMENT '价格',
  `quality` int(10) NOT NULL DEFAULT '0' COMMENT '品质',
  `pileNum` int(10) NOT NULL DEFAULT '0' COMMENT '堆叠数量',
  `useEffectId` int(10) NOT NULL DEFAULT '0' COMMENT '使用效果ID',
  `isBinding` tinyint(1) NOT NULL DEFAULT '0' COMMENT '是否绑定',
  `canWarehouse` tinyint(1) NOT NULL DEFAULT '0' COMMENT '是否可放入仓库',
  `canDestroy` tinyint(1) NOT NULL DEFAULT '0' COMMENT '是否可摧毁',
  `destroyTime` int(10) NOT NULL DEFAULT '0' COMMENT '销毁时间',
  `level` int(10) NOT NULL DEFAULT '0' COMMENT '物品等级',
  `resId` int(10) NOT NULL DEFAULT '0' COMMENT '美术资源',
  `canUse` tinyint(1) NOT NULL DEFAULT '0' COMMENT '是否可使用',
  `needLevel` int(10) NOT NULL DEFAULT '0' COMMENT '使用等级限制',
  `compose` varchar(60) NOT NULL DEFAULT '' COMMENT '合成物品名',
  `useTip` varchar(60) NOT NULL DEFAULT '' COMMENT '使用成功提示',
  `needMaterial` varchar(1000) NOT NULL DEFAULT '' COMMENT '需要材料{"material":[{"itemId":1,"itemNum":10}]}',
  `date` int(10) NOT NULL DEFAULT '0' COMMENT '日期',
  `bz` tinyint(1) NOT NULL DEFAULT '0' COMMENT '1 - 可用 2 - 不可用',
  `effectDescription` varchar(600) NOT NULL DEFAULT '' COMMENT 'effect description',
  `explain` varchar(600) NOT NULL DEFAULT '' COMMENT '物品说明',
  `categoryId` int(10) NOT NULL DEFAULT '0' COMMENT 'categoryId',
  `canSell` int(10) NOT NULL DEFAULT '1' COMMENT '是否买卖',
  `canDrop` int(10) NOT NULL DEFAULT '1' COMMENT '是否可丢弃',
  PRIMARY KEY (`id`)
) ENGINE=InnoDB AUTO_INCREMENT=70 DEFAULT CHARSET=utf8 COMMENT='道具表';

/*Data for the table `seaking_items` */

insert  into `seaking_items`(`id`,`itemId`,`name`,`description`,`itemType`,`price`,`quality`,`pileNum`,`useEffectId`,`isBinding`,`canWarehouse`,`canDestroy`,`destroyTime`,`level`,`resId`,`canUse`,`needLevel`,`compose`,`useTip`,`needMaterial`,`date`,`bz`,`effectDescription`,`explain`,`categoryId`,`canSell`,`canDrop`) values (1,'D10010101','铁盾药剂','improve defense LV1',1,500,0,99,0,1,1,0,0,1,0,10,5,'','','',0,0,'3% /4f (Defense increased by 3% for four Fighting )','',1,0,0),(2,'D10010102','坚固药剂','improve defense LV2',1,1000,0,99,0,1,1,0,0,1,0,10,10,'','','',0,0,'','',1,0,0),(3,'D10010103','魔晶药剂','improve defense LV3',1,2000,0,99,0,1,1,0,0,1,0,10,15,'','','',0,0,'','',1,0,0),(4,'D10010104','石化药剂','improve defense LV4',1,4000,0,99,0,1,1,0,0,1,0,10,25,'','','',0,0,'','',1,0,0),(5,'D10010105','土元素药剂','improve defense LV5',1,8000,0,99,0,1,1,0,0,1,0,10,30,'','','',0,0,'','',1,0,0),(6,'D10010201','炎火药剂','improve crit LV1',1,500,0,99,0,1,1,0,0,1,0,10,5,'','','',0,0,'','',2,0,0),(7,'D10010202','绿炎药剂','improve crit LV2',1,1000,0,99,0,1,1,0,0,1,0,10,10,'','','',0,0,'','',2,0,0),(8,'D10010203','魔焰药剂','improve crit LV3',1,2000,0,99,0,1,1,0,0,1,0,10,15,'','','',0,0,'','',2,0,0),(9,'D10010204','冥火药剂','improve crit LV4',1,4000,0,99,0,1,1,0,0,1,0,10,25,'','','',0,0,'','',2,0,0),(10,'D10010205','火元素精华','improve crit LV5',1,8000,0,99,0,1,1,0,0,1,0,10,30,'','','',0,0,'','',2,0,0),(11,'D10010301','','improve counterattack LV1',1,500,0,99,0,1,1,0,0,1,0,10,5,'','','',0,0,'2% /5f (counterattack increased by 2% for five Fighting )','',3,0,0),(12,'D10010302','邪恶药剂','improve counterattack LV2',1,1000,0,99,0,1,1,0,0,1,0,10,10,'','','',0,0,'','',3,0,0),(13,'D10010303','荆棘药剂','improve counterattack LV3',1,2000,0,99,0,1,1,0,0,1,0,10,15,'','','',0,0,'','',3,0,0),(14,'D10010304','','improve counterattack LV4',1,4000,0,99,0,1,1,0,0,1,0,10,25,'','','',0,0,'','',3,0,0),(15,'D10010305','','improve counterattack LV5',1,8000,0,99,0,1,1,0,0,1,0,10,30,'','','',0,0,'','',3,0,0),(16,'D10010401','','improve block LV1',1,500,0,99,0,1,1,0,0,1,0,10,5,'','','',0,0,'','',4,0,0),(17,'D10010402','锐眼药剂','improve block LV2',1,1000,0,99,0,1,1,0,0,1,0,10,10,'','','',0,0,'','',4,0,0),(18,'D10010403','格挡','improve block LV3',1,2000,0,99,0,1,1,0,0,1,0,10,15,'','','',0,0,'','',4,0,0),(19,'D10010404','','improve block LV4',1,4000,0,99,0,1,1,0,0,1,0,10,25,'','','',0,0,'','',4,0,0),(20,'D10010405','','improve block LV5',1,8000,0,99,0,1,1,0,0,1,0,10,30,'','','',0,0,'','',4,0,0),(21,'D10010501','','improve dodge LV1',1,500,0,99,0,1,1,0,0,1,0,10,5,'','','',0,0,'','',5,0,0),(22,'D10010502','','improve dodge LV2',1,1000,0,99,0,1,1,0,0,1,0,10,10,'','','',0,0,'','',5,0,0),(23,'D10010503','暗影药水','improve dodge LV3',1,2000,0,99,0,1,1,0,0,1,0,10,15,'','','',0,0,'','',5,0,0),(24,'D10010504','幻影药剂','improve dodge LV4',1,4000,0,99,0,1,1,0,0,1,0,10,25,'','','',0,0,'','',5,0,0),(25,'D10010505','','improve dodge LV5',1,8000,0,99,0,1,1,0,0,1,0,10,30,'','','',0,0,'','',5,0,0),(26,'D10010601','加速药剂','improve speed LV1',1,500,0,99,0,1,1,0,0,1,0,10,5,'','','',0,0,'','',6,0,0),(27,'D10010602','迅捷药剂','improve speed LV2',1,1000,0,99,0,1,1,0,0,1,0,10,10,'','','',0,0,'','',6,0,0),(28,'D10010603','风速药剂','improve speed LV3',1,2000,0,99,0,1,1,0,0,1,0,10,15,'','','',0,0,'','',6,0,0),(29,'D10010604','疾风药剂','improve speed LV4',1,4000,0,99,0,1,1,0,0,1,0,10,25,'','','',0,0,'','',6,0,0),(30,'D10010605','','improve speed LV5',1,8000,0,99,0,1,1,0,0,1,0,10,30,'','','',0,0,'','',6,0,0),(31,'D10020101','绿色草药','Using the HP  can be restored LV1 (Direct Recovery)',2,500,0,99,0,1,1,0,0,1,0,10,5,'','','',0,0,'300HP/0s（Immediately restore 300 HP）','平常的绿色草药，使用可以恢复生命',1,0,0),(32,'D10020102','恢复药水 ','Using the HP  can be restored LV2',2,1000,0,99,0,1,1,0,0,1,0,10,10,'','','',0,0,'','草药制作的恢复药水，使用恢复一定量的生命值',1,0,0),(33,'D10020103','生命药水','Using the HP  can be restored LV3',2,2000,0,99,0,1,1,0,0,1,0,10,15,'','','',0,0,'','恢复药水精制而成，使用恢复一定量生命值',1,0,0),(34,'D10020104','生命之泉','Using the HP  can be restored LV4',2,4000,0,99,0,1,1,0,0,1,0,10,25,'','','',0,0,'','神秘的生命之泉泉水，使用可以恢复一定生命值',1,0,0),(35,'D10020105','生命结晶','Using the HP  can be restored LV5',2,8000,0,99,0,1,1,0,0,1,0,10,30,'','','',0,0,'','生命之泉凝聚而成的晶体，使用可以恢复角色一定生命值',1,0,0),(36,'D10020201','大麦面包','Using the HP  can be restored LV1 (slow recovery)',2,500,0,99,0,1,1,0,0,1,0,10,5,'','','',0,0,'400HP/6s（Within 6 seconds to restore 400HP)','普通大麦做成的面包，使用可以缓慢恢复生命值',2,0,0),(37,'D10020202','奶酪','Using the HP  can be restored LV2',2,1000,0,99,0,1,1,0,0,1,0,10,10,'','','',0,0,'','',2,0,0),(38,'D10020203','奇异果果汁','Using the HP  can be restored LV3',2,2000,0,99,0,1,1,0,0,1,0,10,15,'','','',0,0,'','',2,0,0),(39,'D10020204','马奶酒','Using the HP  can be restored LV4',2,4000,0,99,0,1,1,0,0,1,0,10,25,'','','',0,0,'','',2,0,0),(40,'D10020205','秘制烤肉','Using the HP  can be restored LV5',2,8000,0,99,0,1,1,0,0,1,0,10,30,'','','',0,0,'','',2,0,0),(41,'D10030101','绿莹石','',3,0,0,99,0,1,1,0,0,1,0,10,1,'','','',0,0,'','',1,0,0),(42,'D10030102','黑晶石','',3,0,0,99,0,1,1,0,0,1,0,10,1,'','','',0,0,'','',1,0,0),(43,'D10030103','紫玉石','',3,0,0,99,0,1,1,0,0,1,0,10,1,'','','',0,0,'','',1,0,0),(44,'D10030104','星陨石','',3,0,0,99,0,1,1,0,0,1,0,10,1,'','','',0,0,'','一块通体黝黑的矿石，常被用作打造武器的良材',1,0,0),(45,'D10030105','秘银碎片','',3,0,0,99,0,1,1,0,0,1,0,10,1,'','','',0,0,'','一块通体发亮的矿石，升级武器的珍贵良材',1,0,0),(46,'D10040101','初级藏宝图','',4,0,0,99,0,1,1,0,0,1,0,10,1,'','','',0,0,'','进入神秘副本必备，需要碎片合成',1,0,0),(47,'D10040102','中级藏宝图','',4,0,0,99,0,1,1,0,0,1,0,10,1,'','','',0,0,'','进入神秘副本必备，需要碎片合成',1,0,0),(48,'D10040103','远古藏宝图','',4,0,0,99,0,1,1,0,0,1,0,10,1,'','','',0,0,'','进入神秘副本必备，需要碎片合成',1,0,0),(49,'D10040104','星韵藏宝图','',4,0,0,99,0,1,1,0,0,1,0,10,1,'','','',0,0,'','进入神秘副本必备，需要碎片合成',1,0,0),(50,'D10050101','精铁宝盒','',5,0,0,99,0,1,1,0,0,1,0,10,1,'','','',0,0,'','',1,0,0),(51,'D10050102','青铜宝盒','',5,0,0,99,0,1,1,0,0,1,0,10,1,'','','',0,0,'','',1,0,0),(52,'D10050103','白银宝盒','',5,0,0,99,0,1,1,0,0,1,0,10,1,'','','',0,0,'','白银制作的宝盒，古朴陈旧，似乎年代很久远了，需要白银钥匙开启',1,0,0),(53,'D10050104','黄金宝盒','',5,0,0,99,0,1,1,0,0,1,0,10,1,'','','',0,0,'','黄金制作的宝盒，璀璨生辉，似乎是上古时期之物，需要黄金钥匙开启',1,0,0),(54,'D10050105','月光宝盒','',5,0,0,99,0,1,1,0,0,1,0,10,1,'','','',0,0,'','蕴含神秘力量宝盒，隐约透着月光的精华，开启后会有意想不到的惊喜',1,0,0),(55,'D10060101','精铁钥匙','',6,0,0,99,0,1,1,0,0,1,0,10,1,'','','',0,0,'','',1,0,0),(56,'D10060102','青铜钥匙','',6,0,0,99,0,1,1,0,0,1,0,10,1,'','','',0,0,'','青铜制作的钥匙，做工不俗，能够开启青铜宝盒',1,0,0),(57,'D10060103','白银钥匙','',6,0,0,99,0,1,1,0,0,1,0,10,1,'','','',0,0,'','白银制作的钥匙，做工优良，能够开启白银宝箱',1,0,0),(58,'D10060104','黄金钥匙','',6,0,0,99,0,1,1,0,0,1,0,10,1,'','','',0,0,'','黄金制作的钥匙，贵重华丽，能够开启黄金宝箱',1,0,0),(59,'D10060105','月光之匙','',6,0,0,99,0,1,1,0,0,1,0,10,1,'','','',0,0,'','',1,0,0),(60,'D11070101','黑曜石','',7,0,0,99,0,1,1,0,0,1,0,11,1,'','','',0,0,'','通体幽黑色的奇石，卖给杂货商可换取少量银币',1,0,0),(61,'D11070102','尖晶石','',7,0,0,99,0,1,1,0,0,1,0,11,1,'','','',0,0,'','呈海蓝色的晶体状异石。卖给杂货商可换取较多银币',1,0,0),(62,'D11070103','猫眼石','',7,0,0,99,0,1,1,0,0,1,0,11,1,'','','',0,0,'','形如猫眼的奇石，卖给杂货商可换取较多银币',1,0,0),(63,'D11070104','五色石','',7,0,0,99,0,1,1,0,0,1,0,11,1,'','','',0,0,'','罕见的五色玉石，似乎蕴含着某种神秘的力量，看上去价值不菲。卖给杂货商可换取不少银币',1,0,0),(64,'D11070105','星光石','',7,0,0,99,0,1,1,0,0,1,0,11,1,'','','',0,0,'','光如璀星，华如璨月，名唤“星月石”，价值连城。卖给杂货商可换取大量银币',1,0,0),(65,'D11090101','能量物质','',9,0,0,99,0,1,1,0,0,1,0,11,1,'','','',0,0,'','维持传送门运转所需要的必须品',1,0,0),(66,'D11090102','都写','',9,0,0,0,0,0,0,0,0,1,0,11,0,'','','',0,0,'','',1,0,0),(67,'D11090103','','',9,0,0,0,0,0,0,0,0,1,0,11,0,'','','',0,0,'','',1,0,0),(68,'D11090104','','',9,0,0,0,0,0,0,0,0,1,0,11,0,'','','',0,0,'','',1,0,0),(69,'D11090105','','',9,0,0,0,0,0,0,0,0,1,0,11,0,'','','',0,0,'','',1,0,0);

/*Table structure for table `seaking_monster` */

DROP TABLE IF EXISTS `seaking_monster`;

CREATE TABLE `seaking_monster` (
  `id` int(10) NOT NULL AUTO_INCREMENT,
  `monsterId` varchar(60) NOT NULL DEFAULT '' COMMENT 'monsterId',
  `monsterName` varchar(60) NOT NULL DEFAULT '' COMMENT 'monsterName',
  `level` int(10) NOT NULL DEFAULT '0' COMMENT 'level',
  `resourcePath` varchar(100) NOT NULL DEFAULT '' COMMENT 'resourcePath',
  `attackType` int(1) NOT NULL DEFAULT '0' COMMENT '0 - 远程 1 - 近战',
  `hp` decimal(16,6) NOT NULL DEFAULT '0.000000' COMMENT 'hp',
  `attack` decimal(16,6) NOT NULL DEFAULT '0.000000' COMMENT 'attack',
  `defense` decimal(16,6) NOT NULL DEFAULT '0.000000' COMMENT 'defense',
  `speed` decimal(16,6) NOT NULL DEFAULT '0.000000' COMMENT 'speed',
  `focus` decimal(16,6) NOT NULL DEFAULT '0.000000' COMMENT 'focus',
  `dodge` decimal(16,6) NOT NULL DEFAULT '0.000000' COMMENT 'dodge',
  `counter` decimal(16,6) NOT NULL DEFAULT '0.000000' COMMENT 'counter',
  `block` decimal(16,6) NOT NULL DEFAULT '0.000000' COMMENT 'block',
  `critDamage` decimal(16,6) NOT NULL DEFAULT '0.000000' COMMENT 'critDamage',
  `skillId` decimal(16,6) NOT NULL DEFAULT '0.000000' COMMENT 'skillId',
  `experience` int(10) NOT NULL DEFAULT '0' COMMENT 'experience',
  `money` int(10) NOT NULL DEFAULT '0' COMMENT 'money',
  `items` varchar(100) NOT NULL DEFAULT '' COMMENT 'items',
  `date` int(10) NOT NULL DEFAULT '0' COMMENT '日期',
  `bz` tinyint(1) NOT NULL DEFAULT '1' COMMENT '1 - 可用 2 - 不可用',
  `updateBz` tinyint(1) NOT NULL DEFAULT '1' COMMENT '1 - 新增 2 - 已更新到mysql',
  PRIMARY KEY (`id`)
) ENGINE=InnoDB AUTO_INCREMENT=50 DEFAULT CHARSET=utf8 COMMENT='怪物信息表';

/*Data for the table `seaking_monster` */

insert  into `seaking_monster`(`id`,`monsterId`,`monsterName`,`level`,`resourcePath`,`attackType`,`hp`,`attack`,`defense`,`speed`,`focus`,`dodge`,`counter`,`block`,`critDamage`,`skillId`,`experience`,`money`,`items`,`date`,`bz`,`updateBz`) values (1,'M10101','小水泡泡',1,'水泡泡',0,'100.000000','100.000000','100.000000','100.000000','100.000000','100.000000','100.000000','100.000000','100.000000','100.000000',100,1000,'',0,1,1),(2,'M10102','小幽灵',2,'水鬼',1,'100.000000','100.000000','100.000000','100.000000','100.000000','100.000000','100.000000','100.000000','100.000000','100.000000',100,100,'',0,1,1),(3,'M10103','小火球',3,'火焰史莱姆',1,'100.000000','100.000000','100.000000','100.000000','100.000000','100.000000','100.000000','100.000000','100.000000','100.000000',100,100,'',0,1,1),(4,'M10104','大脸怪',5,'大脸怪',1,'100.000000','100.000000','100.000000','100.000000','100.000000','100.000000','100.000000','100.000000','100.000000','100.000000',100,100,'',0,1,1),(5,'M20101','大虫子',9,'冰晶虫',0,'100.000000','100.000000','100.000000','100.000000','100.000000','100.000000','100.000000','100.000000','100.000000','100.000000',100,100,'',0,1,1),(6,'M10105','水泡泡',8,'水泡泡',0,'100.000000','100.000000','100.000000','100.000000','100.000000','100.000000','100.000000','100.000000','100.000000','100.000000',100,100,'',0,1,1),(7,'M10106','幽灵',9,'水鬼',1,'100.000000','100.000000','100.000000','100.000000','100.000000','100.000000','100.000000','100.000000','100.000000','100.000000',100,100,'',0,1,1),(8,'M10203','码头法师',8,'传送阵维护者',0,'100.000000','100.000000','100.000000','100.000000','100.000000','100.000000','100.000000','100.000000','100.000000','100.000000',100,100,'',0,1,1),(9,'M10201','小青年',8,'青年',1,'100.000000','100.000000','100.000000','100.000000','100.000000','100.000000','100.000000','100.000000','100.000000','100.000000',100,100,'',0,1,1),(10,'M10202','码头侍卫',8,'炎城侍卫',1,'100.000000','100.000000','100.000000','100.000000','100.000000','100.000000','100.000000','100.000000','100.000000','100.000000',100,100,'',0,1,1),(11,'M20201','铁拳',10,'铁拳',1,'100.000000','100.000000','100.000000','100.000000','100.000000','100.000000','100.000000','100.000000','100.000000','100.000000',100,100,'',0,1,1),(12,'M20202','寨主',10,'寨主',0,'100.000000','100.000000','100.000000','100.000000','100.000000','100.000000','100.000000','100.000000','100.000000','100.000000',100,100,'',0,1,1),(13,'M10204','巨脸',10,'大脸怪',1,'100.000000','100.000000','100.000000','100.000000','100.000000','100.000000','100.000000','100.000000','100.000000','100.000000',100,100,'',0,1,1),(14,'M10205','火蛋蛋',10,'火焰史莱姆',1,'100.000000','100.000000','100.000000','100.000000','100.000000','100.000000','100.000000','100.000000','100.000000','100.000000',100,100,'',0,1,1),(15,'M10206','小树人',11,'树妖',1,'100.000000','100.000000','100.000000','100.000000','100.000000','100.000000','100.000000','100.000000','100.000000','100.000000',100,100,'',0,1,1),(16,'M10207','水球球',11,'水泡泡',0,'100.000000','100.000000','100.000000','100.000000','100.000000','100.000000','100.000000','100.000000','100.000000','100.000000',100,100,'',0,1,1),(17,'M10208','礁石怪',12,'大脸怪',1,'100.000000','100.000000','100.000000','100.000000','100.000000','100.000000','100.000000','100.000000','100.000000','100.000000',100,100,'',0,1,1),(18,'M10209','海魂',12,'水鬼',1,'100.000000','100.000000','100.000000','100.000000','100.000000','100.000000','100.000000','100.000000','100.000000','100.000000',100,100,'',0,1,1),(19,'M10210','海树妖',12,'树妖',1,'100.000000','100.000000','100.000000','100.000000','100.000000','100.000000','100.000000','100.000000','100.000000','100.000000',100,100,'',0,1,1),(20,'M20203','硬壳虫',14,'冰晶虫',0,'100.000000','100.000000','100.000000','100.000000','100.000000','100.000000','100.000000','100.000000','100.000000','100.000000',100,100,'',0,1,1),(21,'M20204','雪人',15,'大雪人',0,'100.000000','100.000000','100.000000','100.000000','100.000000','100.000000','100.000000','100.000000','100.000000','100.000000',100,100,'',0,1,1),(22,'M10401','石脸怪',13,'大脸怪',1,'100.000000','100.000000','100.000000','100.000000','100.000000','100.000000','100.000000','100.000000','100.000000','100.000000',100,100,'',0,1,1),(23,'M10402','火魂',15,'火魔',0,'100.000000','100.000000','100.000000','100.000000','100.000000','100.000000','100.000000','100.000000','100.000000','100.000000',100,100,'',0,1,1),(24,'M10403','幽鬼',14,'水鬼',1,'100.000000','100.000000','100.000000','100.000000','100.000000','100.000000','100.000000','100.000000','100.000000','100.000000',100,100,'',0,1,1),(25,'M10404','水灵',13,'水泡泡',0,'100.000000','100.000000','100.000000','100.000000','100.000000','100.000000','100.000000','100.000000','100.000000','100.000000',100,100,'',0,1,1),(26,'M20401','发疯的女孩',16,'女孩',1,'100.000000','100.000000','100.000000','100.000000','100.000000','100.000000','100.000000','100.000000','100.000000','100.000000',100,100,'',0,1,1),(27,'M10501','龙狗',15,'狗龙',1,'100.000000','100.000000','100.000000','100.000000','100.000000','100.000000','100.000000','100.000000','100.000000','100.000000',100,100,'',0,1,1),(28,'M10502','仙人掌',16,'仙人掌',1,'100.000000','100.000000','100.000000','100.000000','100.000000','100.000000','100.000000','100.000000','100.000000','100.000000',100,100,'',0,1,1),(29,'M10503','飞廉怪',16,'飞廉怪',0,'100.000000','100.000000','100.000000','100.000000','100.000000','100.000000','100.000000','100.000000','100.000000','100.000000',100,100,'',0,1,1),(30,'M10504','大头怪',17,'野猪怪',1,'100.000000','100.000000','100.000000','100.000000','100.000000','100.000000','100.000000','100.000000','100.000000','100.000000',100,100,'',0,1,1),(31,'M10505','水晶虫',17,'冰晶虫',0,'100.000000','100.000000','100.000000','100.000000','100.000000','100.000000','100.000000','100.000000','100.000000','100.000000',100,100,'',0,1,1),(32,'M20501','血妖',18,'血妖',1,'100.000000','100.000000','100.000000','100.000000','100.000000','100.000000','100.000000','100.000000','100.000000','100.000000',100,100,'',0,1,1),(33,'M10506','老树精',17,'树妖',1,'100.000000','100.000000','100.000000','100.000000','100.000000','100.000000','100.000000','100.000000','100.000000','100.000000',100,100,'',0,1,1),(34,'M20502','灵魂医士',19,'灵魂医士',0,'100.000000','100.000000','100.000000','100.000000','100.000000','100.000000','100.000000','100.000000','100.000000','100.000000',100,100,'',0,1,1),(35,'M20503','小师妹',18,'小师妹',0,'100.000000','100.000000','100.000000','100.000000','100.000000','100.000000','100.000000','100.000000','100.000000','100.000000',100,100,'',0,1,1),(36,'M20504','随从',18,'传送阵维护者',0,'100.000000','100.000000','100.000000','100.000000','100.000000','100.000000','100.000000','100.000000','100.000000','100.000000',100,100,'',0,1,1),(37,'M10507','火灵',17,'火焰史莱姆',1,'100.000000','100.000000','100.000000','100.000000','100.000000','100.000000','100.000000','100.000000','100.000000','100.000000',100,100,'',0,1,1),(38,'M10508','雪怪',17,'大雪人',0,'100.000000','100.000000','100.000000','100.000000','100.000000','100.000000','100.000000','100.000000','100.000000','100.000000',100,100,'',0,1,1),(39,'M10509','小恶魔',17,'小恶魔',0,'100.000000','100.000000','100.000000','100.000000','100.000000','100.000000','100.000000','100.000000','100.000000','100.000000',100,100,'',0,1,1),(40,'M10510','沙虫',18,'沙虫',1,'100.000000','100.000000','100.000000','100.000000','100.000000','100.000000','100.000000','100.000000','100.000000','100.000000',100,100,'',0,1,1),(41,'M20505','蝙蝠妖',20,'蝙蝠妖',1,'100.000000','100.000000','100.000000','100.000000','100.000000','100.000000','100.000000','100.000000','100.000000','100.000000',100,100,'',0,1,1),(42,'M10601','镰刀杀手',19,'飞廉怪',0,'100.000000','100.000000','100.000000','100.000000','100.000000','100.000000','100.000000','100.000000','100.000000','100.000000',100,100,'',0,1,1),(43,'M10602','狗龙',19,'狗龙',1,'100.000000','100.000000','100.000000','100.000000','100.000000','100.000000','100.000000','100.000000','100.000000','100.000000',100,100,'',0,1,1),(44,'M10603','猪头怪',20,'野猪怪',1,'100.000000','100.000000','100.000000','100.000000','100.000000','100.000000','100.000000','100.000000','100.000000','100.000000',100,100,'',0,1,1),(45,'M10604','吸血鬼',21,'血妖',1,'100.000000','100.000000','100.000000','100.000000','100.000000','100.000000','100.000000','100.000000','100.000000','100.000000',100,100,'',0,1,1),(46,'M10605','雪妖',21,'大雪人',0,'100.000000','100.000000','100.000000','100.000000','100.000000','100.000000','100.000000','100.000000','100.000000','100.000000',100,100,'',0,1,1),(47,'M10606','冰虫',21,'冰晶虫',0,'100.000000','100.000000','100.000000','100.000000','100.000000','100.000000','100.000000','100.000000','100.000000','100.000000',100,100,'',0,1,1),(48,'M10607','初级鬼魔',22,'小恶魔',0,'100.000000','100.000000','100.000000','100.000000','100.000000','100.000000','100.000000','100.000000','100.000000','100.000000',100,100,'',0,1,1),(49,'M10608','火焰鬼',22,'火魔',0,'100.000000','100.000000','100.000000','100.000000','100.000000','100.000000','100.000000','100.000000','100.000000','100.000000',100,100,'',0,1,1);

/*Table structure for table `seaking_npc` */

DROP TABLE IF EXISTS `seaking_npc`;

CREATE TABLE `seaking_npc` (
  `id` int(10) NOT NULL AUTO_INCREMENT,
  `npcId` varchar(60) NOT NULL DEFAULT '' COMMENT 'npcId',
  `npcName` varchar(60) NOT NULL DEFAULT '' COMMENT 'npcName',
  `isShow` int(1) NOT NULL DEFAULT '0' COMMENT 'isShow',
  `date` int(10) NOT NULL DEFAULT '0' COMMENT '日期',
  `bz` tinyint(1) NOT NULL DEFAULT '0' COMMENT '1 - 可用 2 - 不可用',
  `updateBz` tinyint(1) NOT NULL DEFAULT '1' COMMENT '1 - 新增 2 - 已更新到mysql',
  PRIMARY KEY (`id`)
) ENGINE=InnoDB AUTO_INCREMENT=74 DEFAULT CHARSET=utf8;

/*Data for the table `seaking_npc` */

insert  into `seaking_npc`(`id`,`npcId`,`npcName`,`isShow`,`date`,`bz`,`updateBz`) values (1,'NPC0101','老树',0,0,0,1),(2,'NPC0102','道具商人',0,0,0,1),(3,'NPC0202','铁拳',0,0,0,1),(4,'NPC0204','码头侍卫',0,0,0,1),(5,'NPC0206','道具商人',0,0,0,1),(6,'NPC0302','占星师',0,0,0,1),(7,'NPC0203','码头法师',0,0,0,1),(8,'NPC0201','寨主',0,0,0,1),(9,'NPC0205','武器商人',0,0,0,1),(10,'NPC0301','双星城主',0,0,0,1),(11,'NPC0303','占星师学徒',0,0,0,1),(12,'NPC0304','炎城传送者',0,0,0,1),(13,'NPC0305','冰岛传送者',0,0,0,1),(14,'NPC0306','城主护卫',0,0,0,1),(15,'NPC0307','武器商人',0,0,0,1),(16,'NPC0308','道具商人',0,0,0,1),(17,'NPC0501','青年',0,0,0,1),(18,'NPC0502','大妈',0,0,0,1),(19,'NPC0503','村长',0,0,0,1),(20,'NPC0504','长者',1,0,0,1),(21,'NPC0505','灵魂医士',0,0,0,1),(22,'NPC0506','小师妹',0,0,0,1),(23,'NPC0507','武器商人',0,0,0,1),(24,'NPC0508','道具商人',0,0,0,1),(25,'NPC0601','星月使者',0,0,0,1),(26,'NPC0602','时间守护者',0,0,0,1),(27,'NPC0603','机器佣人',0,0,0,1),(28,'NPC0604','武器商人',0,0,0,1),(29,'NPC0605','道具商人',0,0,0,1),(30,'NPC0701','黑巫师',0,0,0,1),(31,'NPC0703','毒巫药师',0,0,0,1),(32,'NPC0702','野蛮头领',0,0,0,1),(33,'NPC0704','武器商人',0,0,0,1),(34,'NPC0705','道具商人',0,0,0,1),(35,'NPC0801','流沙长老',0,0,0,1),(36,'NPC0802','流沙首领',0,0,0,1),(37,'NPC0803','流沙护卫',0,0,0,1),(38,'NPC0804','武器商人',0,0,0,1),(39,'NPC0805','道具商人',0,0,0,1),(40,'NPC0901','炎城兵长',0,0,0,1),(41,'NPC0902','炎城士兵',0,0,0,1),(42,'NPC0903','炎城法师',0,0,0,1),(43,'NPC0904','炎城长者',0,0,0,1),(44,'NPC0905','武器商人',0,0,0,1),(45,'NPC0906','道具商人',0,0,0,1),(46,'NPC1001','炎城兵长',0,0,0,1),(47,'NPC1002','炎城士兵',0,0,0,1),(48,'NPC1003','炎城法师',0,0,0,1),(49,'NPC1004','炎城长者',0,0,0,1),(50,'NPC1101','双星城主',0,0,0,1),(51,'NPC1102','炎城传送者',0,0,0,1),(52,'NPC1103','冰岛传送者',0,0,0,1),(53,'NPC1104','城主护卫',0,0,0,1),(54,'NPC1105','武器商人',0,0,0,1),(55,'NPC1106','道具商人',0,0,0,1),(56,'NPC1201','星月使者',0,0,0,1),(57,'NPC1202','时间守护者',0,0,0,1),(58,'NPC1203','机器佣人',0,0,0,1),(59,'NPC1401','青年',0,0,0,1),(60,'NPC1402','大妈',0,0,0,1),(61,'NPC1403','村长',0,0,0,1),(62,'NPC1404','长者',0,0,0,1),(63,'NPC1405','灵魂医士',0,0,0,1),(64,'NPC1501','炎城兵长',0,0,0,1),(65,'NPC1502','炎城士兵',0,0,0,1),(66,'NPC1503','炎城法师',0,0,0,1),(67,'NPC1504','炎城长者',0,0,0,1),(68,'NPC1601','占星师',1,0,0,1),(69,'NPC1602','长城兵长',0,0,0,1),(70,'NPC1603','长城侍卫',0,0,0,1),(71,'NPC1604','双星城护卫',0,0,0,1),(72,'NPC1605','武器商人',0,0,0,1),(73,'NPC1606','道具商人',0,0,0,1);

/*Table structure for table `seaking_pk_log` */

DROP TABLE IF EXISTS `seaking_pk_log`;

CREATE TABLE `seaking_pk_log` (
  `id` int(10) NOT NULL AUTO_INCREMENT,
  `characterInfo` text NOT NULL COMMENT '角色数据{"baseInfo":{},"equipment":{},"formation":{}}',
  `enemyInfo` text NOT NULL COMMENT '敌船数据{"baseInfo":{},"equipment":{},"formation":{}}',
  `fightData` text NOT NULL COMMENT '战斗数据',
  `DATE` int(10) NOT NULL DEFAULT '0' COMMENT '日期',
  PRIMARY KEY (`id`)
) ENGINE=InnoDB DEFAULT CHARSET=utf8 COMMENT='玩家pk记录';

/*Data for the table `seaking_pk_log` */

/*Table structure for table `seaking_skills` */

DROP TABLE IF EXISTS `seaking_skills`;

CREATE TABLE `seaking_skills` (
  `id` int(10) NOT NULL AUTO_INCREMENT,
  `NAME` varchar(60) NOT NULL DEFAULT '' COMMENT '技能名稱',
  `DATE` int(10) NOT NULL DEFAULT '0' COMMENT '日期',
  `bz` tinyint(1) NOT NULL DEFAULT '0' COMMENT '1 - 可用 2 - 不可用',
  PRIMARY KEY (`id`),
  KEY `index_bz` (`bz`)
) ENGINE=InnoDB DEFAULT CHARSET=utf8 COMMENT='技能表';

/*Data for the table `seaking_skills` */

/*Table structure for table `seaking_task` */

DROP TABLE IF EXISTS `seaking_task`;

CREATE TABLE `seaking_task` (
  `id` int(10) NOT NULL AUTO_INCREMENT,
  `taskId` int(10) NOT NULL DEFAULT '0',
  `TYPE` tinyint(1) NOT NULL DEFAULT '0' COMMENT '1 - 主线任务 2 - 支线任务 3 - 日常任务 4 - 活动任务',
  `taskName` varchar(60) NOT NULL DEFAULT '' COMMENT '任务名称',
  `taskBeginTime` int(10) NOT NULL DEFAULT '0' COMMENT '任务开启时间',
  `taskEndTime` int(10) NOT NULL DEFAULT '0' COMMENT '任务关闭时间',
  `taskExpireTime` int(10) NOT NULL DEFAULT '0' COMMENT '任务失效时间',
  `minLevel` int(10) NOT NULL DEFAULT '0' COMMENT '玩家等级下限',
  `maxLevel` int(10) NOT NULL DEFAULT '0' COMMENT '玩家等级上限',
  `needSociaty` tinyint(1) NOT NULL DEFAULT '0' COMMENT '加入公会限制 1 - 需要加入工会',
  `sociatyValue` int(10) NOT NULL DEFAULT '0' COMMENT '公会数值(待后期设定)',
  `questNpcId` int(10) NOT NULL DEFAULT '0' COMMENT '接取NPC编号',
  `completeNpcId` int(10) NOT NULL DEFAULT '0' COMMENT '交还NPC编号',
  `taskProp` varchar(100) NOT NULL DEFAULT '' COMMENT '接取获得任务道具',
  `taskGoal` varchar(600) NOT NULL DEFAULT '' COMMENT '{"type":1,"items":[{"id":1,"needNum":3}]}',
  `taskDescription` varchar(100) NOT NULL DEFAULT '' COMMENT '任务描述',
  `taskTalkNum` tinyint(2) NOT NULL DEFAULT '0' COMMENT '对话次数',
  `taskTalk` varchar(600) NOT NULL DEFAULT '' COMMENT '[{"npcId":0,"npcTalk":"","characterTalk":""}]',
  `notCompleteText` varchar(100) NOT NULL DEFAULT '' COMMENT '任务未完成文本',
  `completeText` varchar(100) NOT NULL DEFAULT '' COMMENT '任务完成文本',
  `getExp` int(10) NOT NULL DEFAULT '0' COMMENT '奖励经验',
  `getMoney` int(10) NOT NULL DEFAULT '0' COMMENT '奖励游戏币',
  `rewardName` varchar(100) NOT NULL DEFAULT '' COMMENT '奖励称号',
  `rewardItems` varchar(600) NOT NULL DEFAULT '' COMMENT '奖励物品 [{"itemId":1,"num":3}]',
  `isBroadcast` tinyint(1) NOT NULL DEFAULT '0' COMMENT '完成后公告 1 - 广播',
  `nextTaskId` int(10) NOT NULL DEFAULT '0' COMMENT '后续任务编号',
  `DATE` int(10) NOT NULL DEFAULT '0' COMMENT '日期',
  `bz` tinyint(1) NOT NULL DEFAULT '0' COMMENT '1 - 可用 2 - 不可用',
  `showNpcId` int(10) NOT NULL DEFAULT '0' COMMENT '显示Npc编号',
  `hideNpcId` int(10) NOT NULL DEFAULT '0' COMMENT '隐藏Npc编号',
  `imgId` int(10) NOT NULL DEFAULT '0' COMMENT '资源Id',
  PRIMARY KEY (`id`),
  KEY `index_needSociaty` (`needSociaty`),
  KEY `index_isBroadcast` (`isBroadcast`),
  KEY `index_bz` (`bz`)
) ENGINE=InnoDB AUTO_INCREMENT=11 DEFAULT CHARSET=utf8 COMMENT='任务表';

/*Data for the table `seaking_task` */

insert  into `seaking_task`(`id`,`taskId`,`TYPE`,`taskName`,`taskBeginTime`,`taskEndTime`,`taskExpireTime`,`minLevel`,`maxLevel`,`needSociaty`,`sociatyValue`,`questNpcId`,`completeNpcId`,`taskProp`,`taskGoal`,`taskDescription`,`taskTalkNum`,`taskTalk`,`notCompleteText`,`completeText`,`getExp`,`getMoney`,`rewardName`,`rewardItems`,`isBroadcast`,`nextTaskId`,`DATE`,`bz`,`showNpcId`,`hideNpcId`,`imgId`) values (1,10101,1,'杀杀怪',0,0,0,0,0,0,0,10101,10101,'','{\"type\":1,\"itemId\":1,\"itemNum\":10}','杀杀怪',2,'{\"talks\":[{\"npcId\":10101,\"npc\":\"做个任务呗\",\"player\":\"啥啊\"},{\"npcId\":10102,\"npc\":\"杀杀怪\",\"player\":\"好嘞~\"}]}','还在磨刀啊，快去杀啊！','很迅速嘛~',50,50,'','',0,10002,1,1,10102,10101,21),(2,10102,1,'收集物品',0,0,0,0,0,0,0,10102,10102,'','{\"type\":1,\"itemId\":1,\"itemNum\":10}','收集物品',2,'{\"talks\":[{\"npcId\":10102,\"npc\":\"来找我了？\",\"player\":\"恩\"},{\"npcId\":10101,\"npc\":\"小狗身上掉雪糕，弄几个去呗~\",\"player\":\"正好我也想吃\"}]}','好热的天啊，要有雪糕吃就好了','这么多啊，我吃个可爱多就好了。',50,50,'可爱多','',1,10003,0,1,10101,10102,21),(3,10201,1,'打打副本',0,0,0,0,0,0,0,10201,10201,'','{\"type\":1,\"itemId\":1,\"itemNum\":10}','打副本',2,'{\"talks\":[{\"npcId\":10201,\"npc\":\"来第二个城市了啊？\",\"player\":\"其他地能去也行啊\"},{\"npcId\":10201,\"npc\":\"有个副本等着你打呢。\",\"player\":\"我就知道闲不着\"}]}','通关有奖励哦~','主线任务没了',50,50,'','',0,0,0,1,0,0,21),(4,20201,2,'穿装备',0,0,0,0,0,0,0,10201,10201,'','{\"type\":1,\"itemId\":1,\"itemNum\":10}','穿上装备',1,'{\"talks\":[{\"npcId\":10201,\"npc\":\"穿上这个装备吧\",\"player\":\"终于不裸了\"}]}','穿了没？','下一个~',30,30,'','',0,20202,0,1,0,0,21),(5,20202,2,'升级',0,0,0,0,0,0,0,10201,10201,'','{\"type\":1,\"itemId\":1,\"itemNum\":10}','升到5级',3,'{\"talks\":[{\"npcId\":10201,\"npc\":\"现在几级了？\",\"player\":\"你不会看啊\"},{\"npcId\":10201,\"npc\":\"懒得看\",\"player\":\"懒得说\"},{\"npcId\":10201,\"npc\":\"拿到你五级的时候来找我吧\",\"player\":\"好\"}]}','嗯哼？','其实我也没啥事。',50,50,'','',0,0,0,1,0,0,21),(6,30201,3,'升级装备',0,0,0,0,10,0,0,10202,10202,'','{\"type\":1,\"itemId\":1,\"itemNum\":10}','升级一次装备',1,'{\"talks\":[{\"npcId\":10202,\"npc\":\"升级一下装备呗\",\"player\":\"行啊\"}]}','很简单的，速去速回。','很厉害呀',50,50,'','',0,30202,0,1,0,0,21),(7,30202,3,'排兵布阵',0,0,0,10,0,1,0,10202,10202,'','{\"type\":1,\"itemId\":1,\"itemNum\":10}','更换一次阵型',2,'{\"talks\":[{\"npcId\":10202,\"npc\":\"阵型有点乱啊，\",\"player\":\"还好\"},{\"npcId\":10202,\"npc\":\"能换个不？\",\"player\":\"能\"}]}','那就换呗','这回顺眼了',50,50,'','',0,30203,0,1,0,0,21),(8,30203,3,'真金白银',0,0,0,0,0,0,0,10202,10202,'','{\"type\":1,\"itemId\":1,\"itemNum\":10}','花费十个元宝',2,'{\"talks\":[{\"npcId\":10202,\"npc\":\"要养成乱花钱的好习惯\",\"player\":\"恩\"},{\"npcId\":10202,\"npc\":\"那去花十个吧\",\"player\":\"。。。\"}]}','养成习惯嘛~','又乱花钱，这可是日常啊！',50,50,'','',0,0,0,1,0,0,21),(9,40201,4,'打酱油',13,15,0,0,0,0,0,10203,10203,'','{\"type\":1,\"itemId\":1,\"itemNum\":10}','通关节日副本',1,'{\"talks\":[{\"npcId\":10203,\"npc\":\"过节了，有个节日BOSS，去吧\",\"player\":\"去就去\"}]}','节日boss很给力的。','奖励很多吧~',50,50,'','',0,0,0,1,0,0,21),(10,40202,4,'节日小奢侈',13,20,20,0,0,0,0,10203,10203,'','{\"type\":1,\"itemId\":1,\"itemNum\":10}','过节了，奢侈一把',2,'{\"talks\":[{\"npcId\":10203,\"npc\":\"过节了奢侈一把呗~\",\"player\":\"站着说话不腰疼\"},{\"npcId\":10203,\"npc\":\"去吧，回来我报销\",\"player\":\"早说~\"}]}','有发票才给报销呢','有发票才给报销呢',50,50,'','',0,0,0,1,0,0,21);

/*Table structure for table `seaking_user` */

DROP TABLE IF EXISTS `seaking_user`;

CREATE TABLE `seaking_user` (
  `id` int(10) NOT NULL AUTO_INCREMENT,
  `uc_userId` varchar(60) NOT NULL DEFAULT '' COMMENT 'uc_userId',
  `mongoDbId` varchar(60) NOT NULL DEFAULT '' COMMENT 'mongoDbId',
  `registerDate` int(10) NOT NULL DEFAULT '0' COMMENT 'registerDate',
  `lastLoginDate` int(10) NOT NULL DEFAULT '0' COMMENT 'lastLoginDate',
  `date` int(10) NOT NULL DEFAULT '0' COMMENT '日期',
  `bz` tinyint(1) NOT NULL DEFAULT '1' COMMENT '1 - 可用 2 - 不可用',
  `updateBz` tinyint(1) NOT NULL DEFAULT '1' COMMENT '1 - 新增 2 - 已更新到mysql',
  `characters` varchar(60) NOT NULL DEFAULT '' COMMENT '所創建的角色信息，如：1,2,3',
  `registerType` varchar(60) NOT NULL DEFAULT '' COMMENT 'registerType',
  `loginName` varchar(60) NOT NULL DEFAULT '' COMMENT 'loginName',
  `gameCurrency` int(10) NOT NULL DEFAULT '0' COMMENT '遊戲幣',
  `onlineTime` int(10) NOT NULL DEFAULT '0' COMMENT 'onlineTime',
  `serverId` int(10) NOT NULL DEFAULT '0' COMMENT 'serverId',
  `characterId` int(10) NOT NULL DEFAULT '0' COMMENT 'characterId',
  `onlineDayNum` int(10) NOT NULL DEFAULT '0' COMMENT 'onlineDayNum',
  `onlineDayNumContinuous` int(10) NOT NULL DEFAULT '0' COMMENT 'onlineDayNumContinuous',
  `isOnline` int(1) NOT NULL DEFAULT '0' COMMENT 'isOnline',
  PRIMARY KEY (`id`),
  KEY `index_uc_userId` (`uc_userId`),
  KEY `index_mongoDbId` (`mongoDbId`),
  KEY `index_bz` (`bz`),
  KEY `index_updateBz` (`updateBz`)
) ENGINE=InnoDB DEFAULT CHARSET=utf8 COMMENT='用戶表';

/*Data for the table `seaking_user` */

/*Table structure for table `sk_serverlist` */

DROP TABLE IF EXISTS `sk_serverlist`;

CREATE TABLE `sk_serverlist` (
  `id` int(10) NOT NULL AUTO_INCREMENT,
  `mongoDbId` varchar(60) NOT NULL DEFAULT '' COMMENT 'mongoDbId',
  `name` varchar(60) NOT NULL DEFAULT '' COMMENT 'name',
  `ip` varchar(60) NOT NULL DEFAULT '' COMMENT 'ip',
  `port` int(4) NOT NULL DEFAULT '0' COMMENT 'port',
  `connectNumber` int(10) NOT NULL DEFAULT '0' COMMENT 'connectNumber',
  `date` int(10) NOT NULL DEFAULT '0' COMMENT '日期',
  `showName` varchar(60) NOT NULL DEFAULT '' COMMENT 'showName',
  `bz` tinyint(1) NOT NULL DEFAULT '1' COMMENT '1 - 可用 2 - 不可用',
  `updateBz` tinyint(1) NOT NULL DEFAULT '1' COMMENT '1 - 新增 2 - 已更新到mongoDB',
  `connectors` varchar(1000) NOT NULL DEFAULT '' COMMENT 'connectors',
  `playerNumber` int(10) NOT NULL DEFAULT '0' COMMENT 'playerNumber',
  PRIMARY KEY (`id`),
  KEY `index_mongoDbId` (`mongoDbId`),
  KEY `index_bz` (`bz`),
  KEY `index_updateBz` (`updateBz`)
) ENGINE=MyISAM AUTO_INCREMENT=3 DEFAULT CHARSET=utf8;

/*Data for the table `sk_serverlist` */

insert  into `sk_serverlist`(`id`,`mongoDbId`,`name`,`ip`,`port`,`connectNumber`,`date`,`showName`,`bz`,`updateBz`,`connectors`,`playerNumber`) values (1,'','server1','project.wozlla.com',7002,0,1356686745,'华东区',1,1,'[{\"host\":\"192.168.1.22\",\"port\":4010},{\"host\":\"192.168.1.22\",\"port\":4011}]',0),(2,'','server2','project.wozlla.com',7002,0,1356767555,'华北区',1,1,'[{\"host\":\"192.168.1.22\",\"port\":4010},{\"host\":\"192.168.1.22\",\"port\":4011}]',0);

/*Table structure for table `uc_user` */

DROP TABLE IF EXISTS `uc_user`;

CREATE TABLE `uc_user` (
  `id` int(10) NOT NULL AUTO_INCREMENT,
  `mongoDbId` varchar(60) NOT NULL DEFAULT '' COMMENT 'mongoDbId',
  `loginName` varchar(60) NOT NULL DEFAULT '' COMMENT 'loginName',
  `password` varchar(60) NOT NULL DEFAULT '' COMMENT 'password',
  `nickname` varchar(60) NOT NULL DEFAULT '' COMMENT 'nickname',
  `registerType` tinyint(1) NOT NULL DEFAULT '1' COMMENT '1 - 登录名 2 - email 3 - phoneNum',
  `email` varchar(100) NOT NULL DEFAULT '' COMMENT 'email',
  `phoneNum` bigint(11) NOT NULL DEFAULT '0' COMMENT 'phoneNum',
  `country` varchar(60) NOT NULL DEFAULT '' COMMENT 'country',
  `province` varchar(60) NOT NULL DEFAULT '' COMMENT 'province',
  `city` varchar(60) NOT NULL DEFAULT '' COMMENT 'city',
  `birthdate` int(10) NOT NULL DEFAULT '0' COMMENT 'birthdate',
  `registerDate` int(10) NOT NULL DEFAULT '0' COMMENT 'registerDate',
  `DATE` int(10) NOT NULL DEFAULT '0' COMMENT '日期',
  `bz` tinyint(1) NOT NULL DEFAULT '1' COMMENT '1 - 可用 2 - 不可用',
  `updateBz` tinyint(1) NOT NULL DEFAULT '1' COMMENT '1 - 新增 2 - 已更新到mysql',
  `userId` int(10) NOT NULL DEFAULT '0' COMMENT 'redis中userId',
  PRIMARY KEY (`id`),
  KEY `index_mongoDbId` (`mongoDbId`),
  KEY `index_login` (`loginName`,`password`),
  KEY `index_loginName` (`loginName`),
  KEY `index_bz` (`bz`),
  KEY `index_updateBz` (`updateBz`),
  KEY `index_userId` (`userId`)
) ENGINE=MyISAM AUTO_INCREMENT=2 DEFAULT CHARSET=utf8;

/*Data for the table `uc_user` */

insert  into `uc_user`(`id`,`mongoDbId`,`loginName`,`password`,`nickname`,`registerType`,`email`,`phoneNum`,`country`,`province`,`city`,`birthdate`,`registerDate`,`DATE`,`bz`,`updateBz`,`userId`) values (1,'','html5','65e232ed43477b2f5cb4413023548fce','html5',1,'',0,'','','',0,1356785206,1356785206,1,1,0);

/*Table structure for table `wozlla_user` */

DROP TABLE IF EXISTS `wozlla_user`;

CREATE TABLE `wozlla_user` (
  `id` int(10) NOT NULL AUTO_INCREMENT,
  `loginName` varchar(60) NOT NULL DEFAULT '' COMMENT 'loginName',
  `password` varchar(60) NOT NULL DEFAULT '' COMMENT 'password',
  PRIMARY KEY (`id`)
) ENGINE=InnoDB AUTO_INCREMENT=2 DEFAULT CHARSET=utf8;

/*Data for the table `wozlla_user` */

insert  into `wozlla_user`(`id`,`loginName`,`password`) values (1,'wozlla','wozlla');

/* Procedure structure for procedure `load_character_nicknames` */

/*!50003 DROP PROCEDURE IF EXISTS  `load_character_nicknames` */;

DELIMITER $$

/*!50003 CREATE DEFINER=`root`@`localhost` PROCEDURE `load_character_nicknames`()
begin
declare v_max int unsigned default 1000;
declare v_counter int unsigned default 0;
DECLARE nickname varchar(60);
  TRUNCATE TABLE character_nicknames;
  START TRANSACTION;
  WHILE v_counter < v_max DO
    set nickname = CONCAT('昵称',v_counter);
    INSERT INTO character_nicknames (NAME) VALUES (nickname);
    SET v_counter=v_counter+1;
  END WHILE;
  COMMIT;
end */$$
DELIMITER ;

/*!40101 SET SQL_MODE=@OLD_SQL_MODE */;
/*!40014 SET FOREIGN_KEY_CHECKS=@OLD_FOREIGN_KEY_CHECKS */;
/*!40014 SET UNIQUE_CHECKS=@OLD_UNIQUE_CHECKS */;
/*!40111 SET SQL_NOTES=@OLD_SQL_NOTES */;
