角色,命魂标签,标签颜色,顺序点ID,对应属性,属性数值,消耗,几率,坐标X,坐标Y,,,
,,,,1 生命,,,,,,,,
,,,,2 攻击,,,,,,,,
,,,,3 护甲,,,,,,,,
,,,,4 幸运,,,,,,,,
,,,,5 暴击,,,,,,,,
,,,,6 格挡,,,,,,,,
,,,,7 闪避,,,,,,,,
,,,,8 反击,,,,,,,,
,,,,9 速度,,,,,,,,
,,,,,,,,,,,,
角色ID,第几页,大致RGB,顺序点ID,1~9 九个属性,数值,魂力消耗,激活几率（备注）,,,,,
H3008,1,1,1,2,3,100,120,163,44,,,
H3008,1,1,2,3,17,100,120,101,101,,,
H3008,1,1,3,6,2,100,120,131,156,,,
H3008,1,1,4,4,5,100,120,205,122,,,
H3008,1,1,5,3,17,100,120,273,153,,1,30
H3008,1,1,6,8,1,100,120,210,215,,,
H3008,1,1,7,5,2,100,120,106,216,,,
H3008,1,1,8,9,1,100,120,58,260,,,
H3008,1,1,9,7,2,100,120,80,326,,,
H3008,1,1,10,1,30,100,120,147,338,, ,
H3008,1,1,11,2,3,100,120,168,275,,,
H3008,1,1,12,4,5,100,120,260,280,,,
H3008,1,1,13,5,2,100,120,292,314,,,
H3008,1,1,14,5,2,100,120,227,350,,,
H3008,1,1,15,1,30,100,120,294,375,,,
H3008,2,2,1,5,35,200,100,100,80,,,
H3008,2,2,2,4,10,200,120,172,33,,,
H3008,2,2,3,5,4,200,120,172,87,,,
H3008,2,2,4,7,3,200,120,145,132,,,
H3008,2,2,5,3,20,200,120,192,170,,,
H3008,2,2,6,3,20,200,120,142,198,,,
H3008,2,2,7,6,3,200,120,145,252,,,
H3008,2,2,8,9,1,200,120,222,208,,,
H3008,2,2,9,8,1,200,120,227,270,,,
H3008,2,2,10,1,36,200,120,160,322,,,
H3008,2,2,11,2,5,200,120,65,288,,,
H3008,2,2,12,4,10,200,120,86,348,,,
H3008,2,2,13,5,4,200,120,160,373,,,
H3008,2,2,14,2,5,200,120,233,353,,,
H3008,2,2,15,1,36,200,120,306,322,,,
H3008,3,3,1,2,10,500,90,80,80,,,
H3008,3,3,2,4,13,500,90,162,44,,,
H3008,3,3,3,5,6,500,90,130,120,,,
H3008,3,3,4,9,2,500,90,60,130,,,
H3008,3,3,5,3,25,500,90,80,236,,,
H3008,3,3,6,8,2,500,90,172,170,,,
H3008,3,3,7,6,3,500,90,197,110,,,
H3008,3,3,8,2,10,500,90,290,120,,,
H3008,3,3,9,3,25,500,90,304,217,,,
H3008,3,3,10,1,40,500,90,237,182,,,
H3008,3,3,11,7,3,500,90,142,236,,,
H3008,3,3,12,5,6,500,90,154,300,,,
H3008,3,3,13,5,6,500,90,237,265,,,
H3008,3,3,14,4,13,500,90,276,323,,,
H3008,3,3,15,1,40,500,90,220,370,,,
H3008,4,4,1,9,8,1000,80,62,170,,,
H3008,4,4,2,6,3,1000,80,77,100,,,
H3008,4,4,3,7,3,1000,80,134,122,,,
H3008,4,4,4,4,15,1000,80,180,40,,,
H3008,4,4,5,1,45,1000,80,215,100,,,
H3008,4,4,6,4,15,1000,80,205,166,,,
H3008,4,4,7,2,12,1000,80,278,138,,,
H3008,4,4,8,5,8,1000,80,313,180,,,
H3008,4,4,9,8,2,1000,80,270,246,,,
H3008,4,4,10,3,30,1000,80,146,197,,,
H3008,4,4,11,5,8,1000,80,93,240,,,
H3008,4,4,12,2,12,1000,80,77,293,,,
H3008,4,4,13,5,8,1000,80,143,320,,,
H3008,4,4,14,3,30,1000,80,192,266,,,
H3008,4,4,15,1,45,1000,80,262,376,,,
H3008,5,5,1,4,17,2000,70,306,123,,,
H3008,5,5,2,6,4,2000,69,244,140,,,
H3008,5,5,3,7,4,2000,68,200,207,,,
H3008,5,5,4,8,3,2000,67,150,120,,,
H3008,5,5,5,3,38,2000,66,168,47,,,
H3008,5,5,6,9,3,2000,65,80,85,,,
H3008,5,5,7,5,10,2000,64,76,150,,,
H3008,5,5,8,2,15,2000,63,142,210,,,
H3008,5,5,9,4,17,2000,62,65,240,,,
H3008,5,5,10,1,50,2000,61,80,333,,,
H3008,5,5,11,5,10,2000,60,128,270,,,
H3008,5,5,12,3,38,2000,59,208,280,,,
H3008,5,5,13,5,10,2000,58,306,235,,,
H3008,5,5,14,1,50,2000,57,270,300,,,
H3008,5,5,15,2,15,2000,56,200,366,,,
H3007,1,,1,2,3,100,120,163,44,,,
H3007,1,,2,3,17,100,120,101,101,,,
H3007,1,,3,6,2,100,120,131,156,,,
H3007,1,,4,4,10,100,120,205,122,,,
H3007,1,,5,1,45,100,120,273,153,,,
H3007,1,,6,8,1,100,120,210,215,,,
H3007,1,,7,5,2,100,120,106,216,,,
H3007,1,,8,9,1,100,120,58,260,,,
H3007,1,,9,7,2,100,120,80,326,,,
H3007,1,,10,1,45,100,120,147,338,,,
H3007,1,,11,2,3,100,120,168,275,,,
H3007,1,,12,4,10,100,120,260,280,,,
H3007,1,,13,3,17,100,120,292,314,,,
H3007,1,,14,5,2,100,120,227,350,,,
H3007,1,,15,5,2,100,120,294,375,,,
H3007,2,,1,5,2,200,100,100,80,,,
H3007,2,,2,4,10,200,120,172,33,,,
H3007,2,,3,5,2,200,120,172,87,,,
H3007,2,,4,7,3,200,120,145,132,,,
H3007,2,,5,1,50,200,120,192,170,,,
H3007,2,,6,5,2,200,120,142,198,,,
H3007,2,,7,6,3,200,120,145,252,,,
H3007,2,,8,9,1,200,120,222,208,,,
H3007,2,,9,8,1,200,120,227,270,,,
H3007,2,,10,3,20,200,120,160,322,,,
H3007,2,,11,2,5,200,120,65,288,,,
H3007,2,,12,4,10,200,120,86,348,,,
H3007,2,,13,3,20,200,120,160,373,,,
H3007,2,,14,2,5,200,120,233,353,,,
H3007,2,,15,1,50,200,120,306,322,,,
H3007,3,,1,2,5,500,90,80,80,,,
H3007,3,,2,4,13,500,90,162,44,,,
H3007,3,,3,5,4,500,90,130,120,,,
H3007,3,,4,9,2,500,90,60,130,,,
H3007,3,,5,3,25,500,90,80,236,,,
H3007,3,,6,8,2,500,90,172,170,,,
H3007,3,,7,6,3,500,90,197,110,,,
H3007,3,,8,3,25,500,90,290,120,,,
H3007,3,,9,2,5,500,90,304,217,,,
H3007,3,,10,1,55,500,90,237,182,,,
H3007,3,,11,7,3,500,90,142,236,,,
H3007,3,,12,5,4,500,90,154,300,,,
H3007,3,,13,5,4,500,90,237,265,,,
H3007,3,,14,4,13,500,90,276,323,,,
H3007,3,,15,1,55,500,90,220,370,,,
H3007,4,,1,9,2,1000,80,62,170,,,
H3007,4,,2,6,3,1000,80,77,100,,,
H3007,4,,3,7,3,1000,80,134,122,,,
H3007,4,,4,4,15,1000,80,180,40,,,
H3007,4,,5,1,60,1000,80,215,100,,,
H3007,4,,6,4,15,1000,80,205,166,,,
H3007,4,,7,2,7,1000,80,278,138,,,
H3007,4,,8,5,5,1000,80,313,180,,,
H3007,4,,9,8,2,1000,80,270,246,,,
H3007,4,,10,3,30,1000,80,146,197,,,
H3007,4,,11,5,5,1000,80,93,240,,,
H3007,4,,12,2,7,1000,80,77,293,,,
H3007,4,,13,5,5,1000,80,143,320,,,
H3007,4,,14,3,30,1000,80,192,266,,,
H3007,4,,15,1,60,1000,80,262,376,,,
H3007,5,,1,4,17,2000,70,306,123,,,
H3007,5,,2,6,4,2000,69,244,140,,,
H3007,5,,3,7,4,2000,68,200,207,,,
H3007,5,,4,8,3,2000,67,150,120,,,
H3007,5,,5,3,38,2000,66,168,47,,,
H3007,5,,6,9,3,2000,65,80,85,,,
H3007,5,,7,5,7,2000,64,76,150,,,
H3007,5,,8,2,10,2000,63,142,210,,,
H3007,5,,9,4,17,2000,62,65,240,,,
H3007,5,,10,1,65,2000,61,80,333,,,
H3007,5,,11,5,7,2000,60,128,270,,,
H3007,5,,12,3,38,2000,59,208,280,,,
H3007,5,,13,5,7,2000,58,306,235,,,
H3007,5,,14,2,10,2000,57,270,300,,,
H3007,5,,15,1,65,2000,56,200,366,,,
H3006,1,,1,2,5,100,120,163,44,,,
H3006,1,,2,3,5,100,120,101,101,,,
H3006,1,,3,6,2,100,120,131,156,,,
H3006,1,,4,4,5,100,120,205,122,,,
H3006,1,,5,1,30,100,120,273,153,,,
H3006,1,,6,8,1,100,120,210,215,,,
H3006,1,,7,5,3,100,120,106,216,,,
H3006,1,,8,9,1,100,120,58,260,,,
H3006,1,,9,7,2,100,120,80,326,,,
H3006,1,,10,1,30,100,120,147,338,,,
H3006,1,,11,2,5,100,120,168,275,,,
H3006,1,,12,4,5,100,120,260,280,,,
H3006,1,,13,3,5,100,120,292,314,,,
H3006,1,,14,5,3,100,120,227,350,,,
H3006,1,,15,5,3,100,120,294,375,,,
H3006,2,,1,5,7,200,100,100,80,,,
H3006,2,,2,4,10,200,120,172,33,,,
H3006,2,,3,5,7,200,120,172,87,,,
H3006,2,,4,7,3,200,120,145,132,,,
H3006,2,,5,1,35,200,120,192,170,,,
H3006,2,,6,3,10,200,120,142,198,,,
H3006,2,,7,6,3,200,120,145,252,,,
H3006,2,,8,9,1,200,120,222,208,,,
H3006,2,,9,8,1,200,120,227,270,,,
H3006,2,,10,3,10,200,120,160,322,,,
H3006,2,,11,2,10,200,120,65,288,,,
H3006,2,,12,5,7,200,120,86,348,,,
H3006,2,,13,3,10,200,120,160,373,,,
H3006,2,,14,2,0,200,120,233,353,,,
H3006,2,,15,1,35,200,120,306,322,,,
H3006,3,,1,2,12,500,90,80,80,,,
H3006,3,,2,4,10,500,90,162,44,,,
H3006,3,,3,5,7,500,90,130,120,,,
H3006,3,,4,9,2,500,90,60,130,,,
H3006,3,,5,1,40,500,90,80,236,,,
H3006,3,,6,8,2,500,90,172,170,,,
H3006,3,,7,6,3,500,90,197,110,,,
H3006,3,,8,3,10,500,90,290,120,,,
H3006,3,,9,5,7,500,90,304,217,,,
H3006,3,,10,1,40,500,90,237,182,,,
H3006,3,,11,7,3,500,90,142,236,,,
H3006,3,,12,5,7,500,90,154,300,,,
H3006,3,,13,3,10,500,90,237,265,,,
H3006,3,,14,4,10,500,90,276,323,,,
H3006,3,,15,2,12,500,90,220,370,,,
H3006,4,,1,9,2,1000,80,62,170,,,
H3006,4,,2,6,3,1000,80,77,100,,,
H3006,4,,3,7,3,1000,80,134,122,,,
H3006,4,,4,4,10,1000,80,180,40,,,
H3006,4,,5,1,45,1000,80,215,100,,,
H3006,4,,6,3,15,1000,80,205,166,,,
H3006,4,,7,2,15,1000,80,278,138,,,
H3006,4,,8,5,10,1000,80,313,180,,,
H3006,4,,9,8,2,1000,80,270,246,,,
H3006,4,,10,3,15,1000,80,146,197,,,
H3006,4,,11,5,10,1000,80,93,240,,,
H3006,4,,12,2,15,1000,80,77,293,,,
H3006,4,,13,5,10,1000,80,143,320,,,
H3006,4,,14,4,10,1000,80,192,266,,,
H3006,4,,15,1,45,1000,80,262,376,,,
H3006,5,,1,4,10,2000,70,306,123,,,
H3006,5,,2,6,4,2000,69,244,140,,,
H3006,5,,3,7,4,2000,68,200,207,,,
H3006,5,,4,8,3,2000,67,150,120,,,
H3006,5,,5,3,20,2000,66,168,47,,,
H3006,5,,6,9,3,2000,65,80,85,,,
H3006,5,,7,5,13,2000,64,76,150,,,
H3006,5,,8,2,20,2000,63,142,210,,,
H3006,5,,9,4,10,2000,62,65,240,,,
H3006,5,,10,1,50,2000,61,80,333,,,
H3006,5,,11,5,13,2000,60,128,270,,,
H3006,5,,12,3,20,2000,59,208,280,,,
H3006,5,,13,5,13,2000,58,306,235,,,
H3006,5,,14,3,20,2000,57,270,300,,,
H3006,5,,15,1,50,2000,56,200,366,,,
H3005,1,,1,2,5,100,120,163,44,,,
H3005,1,,2,3,3,100,120,101,101,,,
H3005,1,,3,6,2,100,120,131,156,,,
H3005,1,,4,4,5,100,120,205,122,,,
H3005,1,,5,1,30,100,120,273,153,,,
H3005,1,,6,8,1,100,120,210,215,,,
H3005,1,,7,5,4,100,120,106,216,,,
H3005,1,,8,9,1,100,120,58,260,,,
H3005,1,,9,7,2,100,120,80,326,,,
H3005,1,,10,5,4,100,120,147,338,,,
H3005,1,,11,2,5,100,120,168,275,,,
H3005,1,,12,4,5,100,120,260,280,,,
H3005,1,,13,3,3,100,120,292,314,,,
H3005,1,,14,5,4,100,120,227,350,,,
H3005,1,,15,1,30,100,120,294,375,,,
H3005,2,,1,5,7,200,100,100,80,,,
H3005,2,,2,4,10,200,120,172,33,,,
H3005,2,,3,5,7,200,120,172,87,,,
H3005,2,,4,7,3,200,120,145,132,,,
H3005,2,,5,1,35,200,120,192,170,,,
H3005,2,,6,3,5,200,120,142,198,,,
H3005,2,,7,6,3,200,120,145,252,,,
H3005,2,,8,9,1,200,120,222,208,,,
H3005,2,,9,8,1,200,120,227,270,,,
H3005,2,,10,2,10,200,120,160,322,,,
H3005,2,,11,5,7,200,120,65,288,,,
H3005,2,,12,4,10,200,120,86,348,,,
H3005,2,,13,3,5,200,120,160,373,,,
H3005,2,,14,2,10,200,120,233,353,,,
H3005,2,,15,1,35,200,120,306,322,,,
H3005,3,,1,5,9,500,90,80,80,,,
H3005,3,,2,4,10,500,90,162,44,,,
H3005,3,,3,5,9,500,90,130,120,,,
H3005,3,,4,9,2,500,90,60,130,,,
H3005,3,,5,2,13,500,90,80,236,,,
H3005,3,,6,8,2,500,90,172,170,,,
H3005,3,,7,6,3,500,90,197,110,,,
H3005,3,,8,3,5,500,90,290,120,,,
H3005,3,,9,2,13,500,90,304,217,,,
H3005,3,,10,1,40,500,90,237,182,,,
H3005,3,,11,7,3,500,90,142,236,,,
H3005,3,,12,5,9,500,90,154,300,,,
H3005,3,,13,3,5,500,90,237,265,,,
H3005,3,,14,4,10,500,90,276,323,,,
H3005,3,,15,1,40,500,90,220,370,,,
H3005,4,,1,9,2,1000,80,62,170,,,
H3005,4,,2,6,3,1000,80,77,100,,,
H3005,4,,3,7,3,1000,80,134,122,,,
H3005,4,,4,4,10,1000,80,180,40,,,
H3005,4,,5,1,45,1000,80,215,100,,,
H3005,4,,6,3,7,1000,80,205,166,,,
H3005,4,,7,4,10,1000,80,278,138,,,
H3005,4,,8,5,11,1000,80,313,180,,,
H3005,4,,9,8,2,1000,80,270,246,,,
H3005,4,,10,2,15,1000,80,146,197,,,
H3005,4,,11,5,11,1000,80,93,240,,,
H3005,4,,12,2,15,1000,80,77,293,,,
H3005,4,,13,5,11,1000,80,143,320,,,
H3005,4,,14,3,7,1000,80,192,266,,,
H3005,4,,15,1,45,1000,80,262,376,,,
H3005,5,,1,4,10,2000,70,306,123,,,
H3005,5,,2,6,4,2000,69,244,140,,,
H3005,5,,3,7,4,2000,68,200,207,,,
H3005,5,,4,8,3,2000,67,150,120,,,
H3005,5,,5,2,22,2000,66,168,47,,,
H3005,5,,6,9,3,2000,65,80,85,,,
H3005,5,,7,3,10,2000,64,76,150,,,
H3005,5,,8,5,13,2000,63,142,210,,,
H3005,5,,9,4,10,2000,62,65,240,,,
H3005,5,,10,1,50,2000,61,80,333,,,
H3005,5,,11,5,13,2000,60,128,270,,,
H3005,5,,12,3,10,2000,59,208,280,,,
H3005,5,,13,5,13,2000,58,306,235,,,
H3005,5,,14,2,22,2000,57,270,300,,,
H3005,5,,15,1,50,2000,56,200,366,,,
H3004,1,,1,2,5,100,120,163,44,,,
H3004,1,,2,3,17,100,120,101,101,,,
H3004,1,,3,1,45,100,120,131,156,,,
H3004,1,,4,4,2,100,120,205,122,,,
H3004,1,,5,6,2,100,120,273,153,,,
H3004,1,,6,8,1,100,120,210,215,,,
H3004,1,,7,5,2,100,120,106,216,,,
H3004,1,,8,9,1,100,120,58,260,,,
H3004,1,,9,7,2,100,120,80,326,,,
H3004,1,,10,2,5,100,120,147,338,,,
H3004,1,,11,1,45,100,120,168,275,,,
H3004,1,,12,4,2,100,120,260,280,,,
H3004,1,,13,3,17,100,120,292,314,,,
H3004,1,,14,5,2,100,120,227,350,,,
H3004,1,,15,5,2,100,120,294,375,,,
H3004,2,,1,5,3,200,100,100,80,,,
H3004,2,,2,4,2,200,120,172,33,,,
H3004,2,,3,5,3,200,120,172,87,,,
H3004,2,,4,7,3,200,120,145,132,,,
H3004,2,,5,1,50,200,120,192,170,,,
H3004,2,,6,5,3,200,120,142,198,,,
H3004,2,,7,6,3,200,120,145,252,,,
H3004,2,,8,9,1,200,120,222,208,,,
H3004,2,,9,8,1,200,120,227,270,,,
H3004,2,,10,3,20,200,120,160,322,,,
H3004,2,,11,2,5,200,120,65,288,,,
H3004,2,,12,4,2,200,120,86,348,,,
H3004,2,,13,3,20,200,120,160,373,,,
H3004,2,,14,2,5,200,120,233,353,,,
H3004,2,,15,1,50,200,120,306,322,,,
H3004,3,,1,2,10,500,90,80,80,,,
H3004,3,,2,4,2,500,90,162,44,,,
H3004,3,,3,5,7,500,90,130,120,,,
H3004,3,,4,9,2,500,90,60,130,,,
H3004,3,,5,1,55,500,90,80,236,,,
H3004,3,,6,8,2,500,90,172,170,,,
H3004,3,,7,6,3,500,90,197,110,,,
H3004,3,,8,5,7,500,90,290,120,,,
H3004,3,,9,1,55,500,90,304,217,,,
H3004,3,,10,3,25,500,90,237,182,,,
H3004,3,,11,7,3,500,90,142,236,,,
H3004,3,,12,5,7,500,90,154,300,,,
H3004,3,,13,2,10,500,90,237,265,,,
H3004,3,,14,4,2,500,90,276,323,,,
H3004,3,,15,3,25,500,90,220,370,,,
H3004,4,,1,9,2,1000,80,62,170,,,
H3004,4,,2,6,3,1000,80,77,100,,,
H3004,4,,3,7,3,1000,80,134,122,,,
H3004,4,,4,4,3,1000,80,180,40,,,
H3004,4,,5,1,60,1000,80,215,100,,,
H3004,4,,6,4,3,1000,80,205,166,,,
H3004,4,,7,2,10,1000,80,278,138,,,
H3004,4,,8,5,8,1000,80,313,180,,,
H3004,4,,9,8,2,1000,80,270,246,,,
H3004,4,,10,3,30,1000,80,146,197,,,
H3004,4,,11,5,8,1000,80,93,240,,,
H3004,4,,12,2,10,1000,80,77,293,,,
H3004,4,,13,5,8,1000,80,143,320,,,
H3004,4,,14,3,30,1000,80,192,266,,,
H3004,4,,15,1,60,1000,80,262,376,,,
H3004,5,,1,4,3,2000,70,306,123,,,
H3004,5,,2,6,4,2000,69,244,140,,,
H3004,5,,3,7,4,2000,68,200,207,,,
H3004,5,,4,8,3,2000,67,150,120,,,
H3004,5,,5,3,38,2000,66,168,47,,,
H3004,5,,6,9,3,2000,65,80,85,,,
H3004,5,,7,5,10,2000,64,76,150,,,
H3004,5,,8,2,15,2000,63,142,210,,,
H3004,5,,9,1,65,2000,62,65,240,,,
H3004,5,,10,4,3,2000,61,80,333,,,
H3004,5,,11,5,10,2000,60,128,270,,,
H3004,5,,12,2,15,2000,59,208,280,,,
H3004,5,,13,5,10,2000,58,306,235,,,
H3004,5,,14,1,65,2000,57,270,300,,,
H3004,5,,15,3,38,2000,56,200,366,,,
H3003,1,,1,2,2,100,120,163,44,,,
H3003,1,,2,3,5,100,120,101,101,,,
H3003,1,,3,6,1,100,120,131,156,,,
H3003,1,,4,4,5,100,120,205,122,,,
H3003,1,,5,1,60,100,120,273,153,,,
H3003,1,,6,8,1,100,120,210,215,,,
H3003,1,,7,5,1,100,120,106,216,,,
H3003,1,,8,9,1,100,120,58,260,,,
H3003,1,,9,7,2,100,120,80,326,,,
H3003,1,,10,1,60,100,120,147,338,,,
H3003,1,,11,2,2,100,120,168,275,,,
H3003,1,,12,4,5,100,120,260,280,,,
H3003,1,,13,3,5,100,120,292,314,,,
H3003,1,,14,5,1,100,120,227,350,,,
H3003,1,,15,5,1,100,120,294,375,,,
H3003,2,,1,5,2,200,100,100,80,,,
H3003,2,,2,4,10,200,120,172,33,,,
H3003,2,,3,5,2,200,120,172,87,,,
H3003,2,,4,7,3,200,120,145,132,,,
H3003,2,,5,1,65,200,120,192,170,,,
H3003,2,,6,3,10,200,120,142,198,,,
H3003,2,,7,6,2,200,120,145,252,,,
H3003,2,,8,9,1,200,120,222,208,,,
H3003,2,,9,3,10,200,120,227,270,,,
H3003,2,,10,5,2,200,120,160,322,,,
H3003,2,,11,2,2,200,120,65,288,,,
H3003,2,,12,4,10,200,120,86,348,,,
H3003,2,,13,8,1,200,120,160,373,,,
H3003,2,,14,2,2,200,120,233,353,,,
H3003,2,,15,1,65,200,120,306,322,,,
H3003,3,,1,2,3,500,90,80,80,,,
H3003,3,,2,4,10,500,90,162,44,,,
H3003,3,,3,5,2,500,90,130,120,,,
H3003,3,,4,9,2,500,90,60,130,,,
H3003,3,,5,1,70,500,90,80,236,,,
H3003,3,,6,8,2,500,90,172,170,,,
H3003,3,,7,6,3,500,90,197,110,,,
H3003,3,,8,3,15,500,90,290,120,,,
H3003,3,,9,5,2,500,90,304,217,,,
H3003,3,,10,3,15,500,90,237,182,,,
H3003,3,,11,7,3,500,90,142,236,,,
H3003,3,,12,5,2,500,90,154,300,,,
H3003,3,,13,2,10,500,90,237,265,,,
H3003,3,,14,2,5,500,90,276,323,,,
H3003,3,,15,1,70,500,90,220,370,,,
H3003,4,,1,9,2,1000,80,62,170,,,
H3003,4,,2,6,3,1000,80,77,100,,,
H3003,4,,3,7,3,1000,80,134,122,,,
H3003,4,,4,4,15,1000,80,180,40,,,
H3003,4,,5,1,75,1000,80,215,100,,,
H3003,4,,6,4,15,1000,80,205,166,,,
H3003,4,,7,2,4,1000,80,278,138,,,
H3003,4,,8,5,2,1000,80,313,180,,,
H3003,4,,9,8,2,1000,80,270,246,,,
H3003,4,,10,3,20,1000,80,146,197,,,
H3003,4,,11,5,2,1000,80,93,240,,,
H3003,4,,12,2,4,1000,80,77,293,,,
H3003,4,,13,5,2,1000,80,143,320,,,
H3003,4,,14,3,20,1000,80,192,266,,,
H3003,4,,15,1,75,1000,80,262,376,,,
H3003,5,,1,5,3,2000,70,306,123,,,
H3003,5,,2,6,4,2000,69,244,140,,,
H3003,5,,3,7,4,2000,68,200,207,,,
H3003,5,,4,8,3,2000,67,150,120,,,
H3003,5,,5,4,20,2000,66,168,47,,,
H3003,5,,6,9,3,2000,65,80,85,,,
H3003,5,,7,3,25,2000,64,76,150,,,
H3003,5,,8,2,4,2000,63,142,210,,,
H3003,5,,9,4,20,2000,62,65,240,,,
H3003,5,,10,1,80,2000,61,80,333,,,
H3003,5,,11,5,3,2000,60,128,270,,,
H3003,5,,12,3,25,2000,59,208,280,,,
H3003,5,,13,5,3,2000,58,306,235,,,
H3003,5,,14,2,4,2000,57,270,300,,,
H3003,5,,15,1,80,2000,56,200,366,,,
H3002,1,,1,2,7,100,120,163,44,,,
H3002,1,,2,3,5,100,120,101,101,,,
H3002,1,,3,6,2,100,120,131,156,,,
H3002,1,,4,4,5,100,120,205,122,,,
H3002,1,,5,1,20,100,120,273,153,,,
H3002,1,,6,8,1,100,120,210,215,,,
H3002,1,,7,5,5,100,120,106,216,,,
H3002,1,,8,9,1,100,120,58,260,,,
H3002,1,,9,7,2,100,120,80,326,,,
H3002,1,,10,2,7,100,120,147,338,,,
H3002,1,,11,5,5,100,120,168,275,,,
H3002,1,,12,4,5,100,120,260,280,,,
H3002,1,,13,3,5,100,120,292,314,,,
H3002,1,,14,5,5,100,120,227,350,,,
H3002,1,,15,1,20,100,120,294,375,,,
H3002,2,,1,5,7,200,100,100,80,,,
H3002,2,,2,4,10,200,120,172,33,,,
H3002,2,,3,5,7,200,120,172,87,,,
H3002,2,,4,7,3,200,120,145,132,,,
H3002,2,,5,4,10,200,120,192,170,,,
H3002,2,,6,3,5,200,120,142,198,,,
H3002,2,,7,6,3,200,120,145,252,,,
H3002,2,,8,9,1,200,120,222,208,,,
H3002,2,,9,8,1,200,120,227,270,,,
H3002,2,,10,1,25,200,120,160,322,,,
H3002,2,,11,2,0,200,120,65,288,,,
H3002,2,,12,5,7,200,120,86,348,,,
H3002,2,,13,3,5,200,120,160,373,,,
H3002,2,,14,2,10,200,120,233,353,,,
H3002,2,,15,1,25,200,120,306,322,,,
H3002,3,,1,2,13,500,90,80,80,,,
H3002,3,,2,4,10,500,90,162,44,,,
H3002,3,,3,5,9,500,90,130,120,,,
H3002,3,,4,9,2,500,90,60,130,,,
H3002,3,,5,2,13,500,90,80,236,,,
H3002,3,,6,8,2,500,90,172,170,,,
H3002,3,,7,6,3,500,90,197,110,,,
H3002,3,,8,3,10,500,90,290,120,,,
H3002,3,,9,5,9,500,90,304,217,,,
H3002,3,,10,1,30,500,90,237,182,,,
H3002,3,,11,7,3,500,90,142,236,,,
H3002,3,,12,5,9,500,90,154,300,,,
H3002,3,,13,3,10,500,90,237,265,,,
H3002,3,,14,4,10,500,90,276,323,,,
H3002,3,,15,1,30,500,90,220,370,,,
H3002,4,,1,9,10,1000,80,62,170,,,
H3002,4,,2,6,3,1000,80,77,100,,,
H3002,4,,3,7,3,1000,80,134,122,,,
H3002,4,,4,4,10,1000,80,180,40,,,
H3002,4,,5,1,30,1000,80,215,100,,,
H3002,4,,6,3,10,1000,80,205,166,,,
H3002,4,,7,4,10,1000,80,278,138,,,
H3002,4,,8,5,12,1000,80,313,180,,,
H3002,4,,9,8,2,1000,80,270,246,,,
H3002,4,,10,2,18,1000,80,146,197,,,
H3002,4,,11,5,12,1000,80,93,240,,,
H3002,4,,12,2,18,1000,80,77,293,,,
H3002,4,,13,5,12,1000,80,143,320,,,
H3002,4,,14,3,10,1000,80,192,266,,,
H3002,4,,15,1,30,1000,80,262,376,,,
H3002,5,,1,4,10,2000,70,306,123,,,
H3002,5,,2,6,4,2000,69,244,140,,,
H3002,5,,3,7,4,2000,68,200,207,,,
H3002,5,,4,8,3,2000,67,150,120,,,
H3002,5,,5,2,22,2000,66,168,47,,,
H3002,5,,6,9,3,2000,65,80,85,,,
H3002,5,,7,3,10,2000,64,76,150,,,
H3002,5,,8,5,15,2000,63,142,210,,,
H3002,5,,9,4,10,2000,62,65,240,,,
H3002,5,,10,1,35,2000,61,80,333,,,
H3002,5,,11,5,15,2000,60,128,270,,,
H3002,5,,12,3,10,2000,59,208,280,,,
H3002,5,,13,5,15,2000,58,306,235,,,
H3002,5,,14,2,22,2000,57,270,300,,,
H3002,5,,15,1,34,2000,56,200,366,,,
H3001,1,,1,2,5,100,120,163,44,,,
H3001,1,,2,3,5,100,120,101,101,,,
H3001,1,,3,6,2,100,120,131,156,,,
H3001,1,,4,4,2,100,120,205,122,,,
H3001,1,,5,1,30,100,120,273,153,,,
H3001,1,,6,8,1,100,120,210,215,,,
H3001,1,,7,5,4,100,120,106,216,,,
H3001,1,,8,9,1,100,120,58,260,,,
H3001,1,,9,7,2,100,120,80,326,,,
H3001,1,,10,1,30,100,120,147,338,,,
H3001,1,,11,2,5,100,120,168,275,,,
H3001,1,,12,4,2,100,120,260,280,,,
H3001,1,,13,3,5,100,120,292,314,,,
H3001,1,,14,5,4,100,120,227,350,,,
H3001,1,,15,5,4,100,120,294,375,,,
H3001,2,,1,5,7,200,100,100,80,,,
H3001,2,,2,4,2,200,120,172,33,,,
H3001,2,,3,5,7,200,120,172,87,,,
H3001,2,,4,7,3,200,120,145,132,,,
H3001,2,,5,1,35,200,120,192,170,,,
H3001,2,,6,3,5,200,120,142,198,,,
H3001,2,,7,6,3,200,120,145,252,,,
H3001,2,,8,9,1,200,120,222,208,,,
H3001,2,,9,8,1,200,120,227,270,,,
H3001,2,,10,2,10,200,120,160,322,,,
H3001,2,,11,5,7,200,120,65,288,,,
H3001,2,,12,4,2,200,120,86,348,,,
H3001,2,,13,3,5,200,120,160,373,,,
H3001,2,,14,2,10,200,120,233,353,,,
H3001,2,,15,1,35,200,120,306,322,,,
H3001,3,,1,2,13,500,90,80,80,,,
H3001,3,,2,4,3,500,90,162,44,,,
H3001,3,,3,5,9,500,90,130,120,,,
H3001,3,,4,9,2,500,90,60,130,,,
H3001,3,,5,2,13,500,90,80,236,,,
H3001,3,,6,8,2,500,90,172,170,,,
H3001,3,,7,6,3,500,90,197,110,,,
H3001,3,,8,3,10,500,90,290,120,,,
H3001,3,,9,5,9,500,90,304,217,,,
H3001,3,,10,1,40,500,90,237,182,,,
H3001,3,,11,7,3,500,90,142,236,,,
H3001,3,,12,5,9,500,90,154,300,,,
H3001,3,,13,3,10,500,90,237,265,,,
H3001,3,,14,4,3,500,90,276,323,,,
H3001,3,,15,1,40,500,90,220,370,,,
H3001,4,,1,9,2,1000,80,62,170,,,
H3001,4,,2,6,3,1000,80,77,100,,,
H3001,4,,3,7,3,1000,80,134,122,,,
H3001,4,,4,4,4,1000,80,180,40,,,
H3001,4,,5,1,46,1000,80,215,100,,,
H3001,4,,6,3,10,1000,80,205,166,,,
H3001,4,,7,2,15,1000,80,278,138,,,
H3001,4,,8,5,11,1000,80,313,180,,,
H3001,4,,9,8,2,1000,80,270,246,,,
H3001,4,,10,2,15,1000,80,146,197,,,
H3001,4,,11,5,11,1000,80,93,240,,,
H3001,4,,12,4,4,1000,80,77,293,,,
H3001,4,,13,5,11,1000,80,143,320,,,
H3001,4,,14,3,10,1000,80,192,266,,,
H3001,4,,15,1,45,1000,80,262,376,,,
H3001,5,,1,4,4,2000,70,306,123,,,
H3001,5,,2,6,4,2000,69,244,140,,,
H3001,5,,3,7,4,2000,68,200,207,,,
H3001,5,,4,8,3,2000,67,150,120,,,
H3001,5,,5,5,13,2000,66,168,47,,,
H3001,5,,6,9,3,2000,65,80,85,,,
H3001,5,,7,3,10,2000,64,76,150,,,
H3001,5,,8,2,22,2000,63,142,210,,,
H3001,5,,9,1,50,2000,62,65,240,,,
H3001,5,,10,4,4,2000,61,80,333,,,
H3001,5,,11,5,13,2000,60,128,270,,,
H3001,5,,12,3,10,2000,59,208,280,,,
H3001,5,,13,5,13,2000,58,306,235,,,
H3001,5,,14,1,50,2000,57,270,300,,,
H3001,5,,15,2,22,2000,56,200,366,,,
H2011,1,,1,2,7,100,120,163,44,,,
H2011,1,,2,3,5,100,120,101,101,,,
H2011,1,,3,1,30,100,120,131,156,,,
H2011,1,,4,4,5,100,120,205,122,,,
H2011,1,,5,6,4,100,120,273,153,,,
H2011,1,,6,8,2,100,120,210,215,,,
H2011,1,,7,5,4,100,120,106,216,,,
H2011,1,,8,9,2,100,120,58,260,,,
H2011,1,,9,7,1,100,120,80,326,,,
H2011,1,,10,2,7,100,120,147,338,,,
H2011,1,,11,1,30,100,120,168,275,,,
H2011,1,,12,4,5,100,120,260,280,,,
H2011,1,,13,3,5,100,120,292,314,,,
H2011,1,,14,5,4,100,120,227,350,,,
H2011,1,,15,5,4,100,120,294,375,,,
H2011,2,,1,1,35,200,100,100,80,,,
H2011,2,,2,4,10,200,120,172,33,,,
H2011,2,,3,5,7,200,120,172,87,,,
H2011,2,,4,7,1,200,120,145,132,,,
H2011,2,,5,5,7,200,120,192,170,,,
H2011,2,,6,3,10,200,120,142,198,,,
H2011,2,,7,6,4,200,120,145,252,,,
H2011,2,,8,9,3,200,120,222,208,,,
H2011,2,,9,8,3,200,120,227,270,,,
H2011,2,,10,5,7,200,120,160,322,,,
H2011,2,,11,2,10,200,120,65,288,,,
H2011,2,,12,4,10,200,120,86,348,,,
H2011,2,,13,3,10,200,120,160,373,,,
H2011,2,,14,2,10,200,120,233,353,,,
H2011,2,,15,1,35,200,120,306,322,,,
H2011,3,,1,2,14,500,90,80,80,,,
H2011,3,,2,4,10,500,90,162,44,,,
H2011,3,,3,1,40,500,90,130,120,,,
H2011,3,,4,9,3,500,90,60,130,,,
H2011,3,,5,5,11,500,90,80,236,,,
H2011,3,,6,8,3,500,90,172,170,,,
H2011,3,,7,6,6,500,90,197,110,,,
H2011,3,,8,3,12,500,90,290,120,,,
H2011,3,,9,1,40,500,90,304,217,,,
H2011,3,,10,2,14,500,90,237,182,,,
H2011,3,,11,7,1,500,90,142,236,,,
H2011,3,,12,5,11,500,90,154,300,,,
H2011,3,,13,3,12,500,90,237,265,,,
H2011,3,,14,4,10,500,90,276,323,,,
H2011,3,,15,5,11,500,90,220,370,,,
H2011,4,,1,9,3,1000,80,62,170,,,
H2011,4,,2,6,8,1000,80,77,100,,,
H2011,4,,3,7,1,1000,80,134,122,,,
H2011,4,,4,4,15,1000,80,180,40,,,
H2011,4,,5,1,45,1000,80,215,100,,,
H2011,4,,6,3,18,1000,80,205,166,,,
H2011,4,,7,2,18,1000,80,278,138,,,
H2011,4,,8,5,12,1000,80,313,180,,,
H2011,4,,9,8,3,1000,80,270,246,,,
H2011,4,,10,4,15,1000,80,146,197,,,
H2011,4,,11,5,12,1000,80,93,240,,,
H2011,4,,12,2,18,1000,80,77,293,,,
H2011,4,,13,5,12,1000,80,143,320,,,
H2011,4,,14,3,18,1000,80,192,266,,,
H2011,4,,15,1,45,1000,80,262,376,,,
H2011,5,,1,4,20,2000,70,306,123,,,
H2011,5,,2,6,8,2000,69,244,140,,,
H2011,5,,3,7,1,2000,68,200,207,,,
H2011,5,,4,8,4,2000,67,150,120,,,
H2011,5,,5,5,15,2000,66,168,47,,,
H2011,5,,6,9,4,2000,65,80,85,,,
H2011,5,,7,3,20,2000,64,76,150,,,
H2011,5,,8,2,24,2000,63,142,210,,,
H2011,5,,9,1,50,2000,62,65,240,,,
H2011,5,,10,4,20,2000,61,80,333,,,
H2011,5,,11,5,15,2000,60,128,270,,,
H2011,5,,12,3,20,2000,59,208,280,,,
H2011,5,,13,5,15,2000,58,306,235,,,
H2011,5,,14,1,50,2000,57,270,300,,,
H2011,5,,15,2,24,2000,56,200,366,,,
H2010,1,,1,2,4,100,120,163,44,,,
H2010,1,,2,6,8,100,120,101,101,,,
H2010,1,,3,5,3,100,120,131,156,,,
H2010,1,,4,4,5,100,120,205,122,,,
H2010,1,,5,3,10,100,120,273,153,,,
H2010,1,,6,8,1,100,120,210,215,,,
H2010,1,,7,5,3,100,120,106,216,,,
H2010,1,,8,9,2,100,120,58,260,,,
H2010,1,,9,7,2,100,120,80,326,,,
H2010,1,,10,1,30,100,120,147,338,,,
H2010,1,,11,2,4,100,120,168,275,,,
H2010,1,,12,4,5,100,120,260,280,,,
H2010,1,,13,3,10,100,120,292,314,,,
H2010,1,,14,5,3,100,120,227,350,,,
H2010,1,,15,1,30,100,120,294,375,,,
H2010,2,,1,5,4,200,100,100,80,,,
H2010,2,,2,4,5,200,120,172,33,,,
H2010,2,,3,5,4,200,120,172,87,,,
H2010,2,,4,7,3,200,120,145,132,,,
H2010,2,,5,3,15,200,120,192,170,,,
H2010,2,,6,5,4,200,120,142,198,,,
H2010,2,,7,6,8,200,120,145,252,,,
H2010,2,,8,9,3,200,120,222,208,,,
H2010,2,,9,8,1,200,120,227,270,,,
H2010,2,,10,1,35,200,120,160,322,,,
H2010,2,,11,2,5,200,120,65,288,,,
H2010,2,,12,4,11,200,120,86,348,,,
H2010,2,,13,3,15,200,120,160,373,,,
H2010,2,,14,2,5,200,120,233,353,,,
H2010,2,,15,1,35,200,120,306,322,,,
H2010,3,,1,2,10,500,90,80,80,,,
H2010,3,,2,2,10,500,90,162,44,,,
H2010,3,,3,1,40,500,90,130,120,,,
H2010,3,,4,9,3,500,90,60,130,,,
H2010,3,,5,3,20,500,90,80,236,,,
H2010,3,,6,8,1,500,90,172,170,,,
H2010,3,,7,6,9,500,90,197,110,,,
H2010,3,,8,5,5,500,90,290,120,,,
H2010,3,,9,1,40,500,90,304,217,,,
H2010,3,,10,5,5,500,90,237,182,,,
H2010,3,,11,7,3,500,90,142,236,,,
H2010,3,,12,5,5,500,90,154,300,,,
H2010,3,,13,3,20,500,90,237,265,,,
H2010,3,,14,4,15,500,90,276,323,,,
H2010,3,,15,1,40,500,90,220,370,,,
H2010,4,,1,9,3,1000,80,62,170,,,
H2010,4,,2,6,10,1000,80,77,100,,,
H2010,4,,3,7,3,1000,80,134,122,,,
H2010,4,,4,4,22,1000,80,180,40,,,
H2010,4,,5,1,45,1000,80,215,100,,,
H2010,4,,6,3,25,1000,80,205,166,,,
H2010,4,,7,2,10,1000,80,278,138,,,
H2010,4,,8,5,7,1000,80,313,180,,,
H2010,4,,9,8,1,1000,80,270,246,,,
H2010,4,,10,4,22,1000,80,146,197,,,
H2010,4,,11,5,7,1000,80,93,240,,,
H2010,4,,12,2,10,1000,80,77,293,,,
H2010,4,,13,5,7,1000,80,143,320,,,
H2010,4,,14,3,25,1000,80,192,266,,,
H2010,4,,15,1,45,1000,80,262,376,,,
H2010,5,,1,4,25,2000,70,306,123,,,
H2010,5,,2,6,10,2000,69,244,140,,,
H2010,5,,3,7,4,2000,68,200,207,,,
H2010,5,,4,8,1,2000,67,150,120,,,
H2010,5,,5,3,30,2000,66,168,47,,,
H2010,5,,6,9,4,2000,65,80,85,,,
H2010,5,,7,5,10,2000,64,76,150,,,
H2010,5,,8,2,15,2000,63,142,210,,,
H2010,5,,9,4,25,2000,62,65,240,,,
H2010,5,,10,1,50,2000,61,80,333,,,
H2010,5,,11,5,10,2000,60,128,270,,,
H2010,5,,12,3,30,2000,59,208,280,,,
H2010,5,,13,5,10,2000,58,306,235,,,
H2010,5,,14,2,15,2000,57,270,300,,,
H2010,5,,15,1,50,2000,56,200,366,,,
H2009,1,,1,2,7,100,120,163,44,,,
H2009,1,,2,3,7,100,120,101,101,,,
H2009,1,,3,6,4,100,120,131,156,,,
H2009,1,,4,4,6,100,120,205,122,,,
H2009,1,,5,1,20,100,120,273,153,,,
H2009,1,,6,8,2,100,120,210,215,,,
H2009,1,,7,5,4,100,120,106,216,,,
H2009,1,,8,9,1,100,120,58,260,,,
H2009,1,,9,7,2,100,120,80,326,,,
H2009,1,,10,2,7,100,120,147,338,,,
H2009,1,,11,5,4,100,120,168,275,,,
H2009,1,,12,4,6,100,120,260,280,,,
H2009,1,,13,3,7,100,120,292,314,,,
H2009,1,,14,5,4,100,120,227,350,,,
H2009,1,,15,1,20,100,120,294,375,,,
H2009,2,,1,5,7,200,100,100,80,,,
H2009,2,,2,4,11,200,120,172,33,,,
H2009,2,,3,5,7,200,120,172,87,,,
H2009,2,,4,7,3,200,120,145,132,,,
H2009,2,,5,4,11,200,120,192,170,,,
H2009,2,,6,3,10,200,120,142,198,,,
H2009,2,,7,6,4,200,120,145,252,,,
H2009,2,,8,9,1,200,120,222,208,,,
H2009,2,,9,8,3,200,120,227,270,,,
H2009,2,,10,1,25,200,120,160,322,,,
H2009,2,,11,2,10,200,120,65,288,,,
H2009,2,,12,5,7,200,120,86,348,,,
H2009,2,,13,3,10,200,120,160,373,,,
H2009,2,,14,2,10,200,120,233,353,,,
H2009,2,,15,1,25,200,120,306,322,,,
H2009,3,,1,5,9,500,90,80,80,,,
H2009,3,,2,4,14,500,90,162,44,,,
H2009,3,,3,5,9,500,90,130,120,,,
H2009,3,,4,9,1,500,90,60,130,,,
H2009,3,,5,2,14,500,90,80,236,,,
H2009,3,,6,8,3,500,90,172,170,,,
H2009,3,,7,6,6,500,90,197,110,,,
H2009,3,,8,3,12,500,90,290,120,,,
H2009,3,,9,5,9,500,90,304,217,,,
H2009,3,,10,1,30,500,90,237,182,,,
H2009,3,,11,7,3,500,90,142,236,,,
H2009,3,,12,2,14,500,90,154,300,,,
H2009,3,,13,3,12,500,90,237,265,,,
H2009,3,,14,4,14,500,90,276,323,,,
H2009,3,,15,1,30,500,90,220,370,,,
H2009,4,,1,9,1,1000,80,62,170,,,
H2009,4,,2,6,8,1000,80,77,100,,,
H2009,4,,3,7,3,1000,80,134,122,,,
H2009,4,,4,4,18,1000,80,180,40,,,
H2009,4,,5,1,30,1000,80,215,100,,,
H2009,4,,6,3,18,1000,80,205,166,,,
H2009,4,,7,2,18,1000,80,278,138,,,
H2009,4,,8,5,12,1000,80,313,180,,,
H2009,4,,9,8,3,1000,80,270,246,,,
H2009,4,,10,4,18,1000,80,146,197,,,
H2009,4,,11,5,12,1000,80,93,240,,,
H2009,4,,12,2,18,1000,80,77,293,,,
H2009,4,,13,5,12,1000,80,143,320,,,
H2009,4,,14,3,18,1000,80,192,266,,,
H2009,4,,15,1,30,1000,80,262,376,,,
H2009,5,,1,4,23,2000,70,306,123,,,
H2009,5,,2,6,8,2000,69,244,140,,,
H2009,5,,3,7,4,2000,68,200,207,,,
H2009,5,,4,8,4,2000,67,150,120,,,
H2009,5,,5,5,16,2000,66,168,47,,,
H2009,5,,6,9,1,2000,65,80,85,,,
H2009,5,,7,3,23,2000,64,76,150,,,
H2009,5,,8,2,24,2000,63,142,210,,,
H2009,5,,9,1,35,2000,62,65,240,,,
H2009,5,,10,4,23,2000,61,80,333,,,
H2009,5,,11,5,16,2000,60,128,270,,,
H2009,5,,12,3,23,2000,59,208,280,,,
H2009,5,,13,5,16,2000,58,306,235,,,
H2009,5,,14,2,24,2000,57,270,300,,,
H2009,5,,15,1,35,2000,56,200,366,,,
H2008,1,,1,5,4,100,120,163,44,,,
H2008,1,,2,6,4,100,120,101,101,,,
H2008,1,,3,2,5,100,120,131,156,,,
H2008,1,,4,4,4,100,120,205,122,,,
H2008,1,,5,3,7,100,120,273,153,,,
H2008,1,,6,8,1,100,120,210,215,,,
H2008,1,,7,2,5,100,120,106,216,,,
H2008,1,,8,9,3,100,120,58,260,,,
H2008,1,,9,7,1,100,120,80,326,,,
H2008,1,,10,1,30,100,120,147,338,,,
H2008,1,,11,5,4,100,120,168,275,,,
H2008,1,,12,4,4,100,120,260,280,,,
H2008,1,,13,3,7,100,120,292,314,,,
H2008,1,,14,5,4,100,120,227,350,,,
H2008,1,,15,1,30,100,120,294,375,,,
H2008,2,,1,5,6,200,100,100,80,,,
H2008,2,,2,4,5,200,120,172,33,,,
H2008,2,,3,5,6,200,120,172,87,,,
H2008,2,,4,7,1,200,120,145,132,,,
H2008,2,,5,3,10,200,120,192,170,,,
H2008,2,,6,5,6,200,120,142,198,,,
H2008,2,,7,6,4,200,120,145,252,,,
H2008,2,,8,9,3,200,120,222,208,,,
H2008,2,,9,8,1,200,120,227,270,,,
H2008,2,,10,1,35,200,120,160,322,,,
H2008,2,,11,2,9,200,120,65,288,,,
H2008,2,,12,4,5,200,120,86,348,,,
H2008,2,,13,3,10,200,120,160,373,,,
H2008,2,,14,2,9,200,120,233,353,,,
H2008,2,,15,1,35,200,120,306,322,,,
H2008,3,,1,2,10,500,90,80,80,,,
H2008,3,,2,4,6,500,90,162,44,,,
H2008,3,,3,5,7,500,90,130,120,,,
H2008,3,,4,9,5,500,90,60,130,,,
H2008,3,,5,3,17,500,90,80,236,,,
H2008,3,,6,8,1,500,90,172,170,,,
H2008,3,,7,6,6,500,90,197,110,,,
H2008,3,,8,5,7,500,90,290,120,,,
H2008,3,,9,2,10,500,90,304,217,,,
H2008,3,,10,1,40,500,90,237,182,,,
H2008,3,,11,7,1,500,90,142,236,,,
H2008,3,,12,5,7,500,90,154,300,,,
H2008,3,,13,3,17,500,90,237,265,,,
H2008,3,,14,4,6,500,90,276,323,,,
H2008,3,,15,1,40,500,90,220,370,,,
H2008,4,,1,9,5,1000,80,62,170,,,
H2008,4,,2,6,8,1000,80,77,100,,,
H2008,4,,3,7,1,1000,80,134,122,,,
H2008,4,,4,4,7,1000,80,180,40,,,
H2008,4,,5,1,45,1000,80,215,100,,,
H2008,4,,6,3,18,1000,80,205,166,,,
H2008,4,,7,2,15,1000,80,278,138,,,
H2008,4,,8,4,7,1000,80,313,180,,,
H2008,4,,9,8,1,1000,80,270,246,,,
H2008,4,,10,5,10,1000,80,146,197,,,
H2008,4,,11,5,10,1000,80,93,240,,,
H2008,4,,12,2,15,1000,80,77,293,,,
H2008,4,,13,5,10,1000,80,143,320,,,
H2008,4,,14,3,18,1000,80,192,266,,,
H2008,4,,15,1,45,1000,80,262,376,,,
H2008,5,,1,4,8,2000,70,306,123,,,
H2008,5,,2,6,8,2000,69,244,140,,,
H2008,5,,3,7,1,2000,68,200,207,,,
H2008,5,,4,8,28,2000,67,150,120,,,
H2008,5,,5,3,28,2000,66,168,47,,,
H2008,5,,6,9,6,2000,65,80,85,,,
H2008,5,,7,5,12,2000,64,76,150,,,
H2008,5,,8,2,20,2000,63,142,210,,,
H2008,5,,9,4,8,2000,62,65,240,,,
H2008,5,,10,1,50,2000,61,80,333,,,
H2008,5,,11,5,12,2000,60,128,270,,,
H2008,5,,12,3,28,2000,59,208,280,,,
H2008,5,,13,5,12,2000,58,306,235,,,
H2008,5,,14,2,20,2000,57,270,300,,,
H2008,5,,15,1,50,2000,56,200,366,,,
H2007,1,,1,2,4,100,120,163,44,,,
H2007,1,,2,6,4,100,120,101,101,,,
H2007,1,,3,5,2,100,120,131,156,,,
H2007,1,,4,4,5,100,120,205,122,,,
H2007,1,,5,3,15,100,120,273,153,,,
H2007,1,,6,8,1,100,120,210,215,,,
H2007,1,,7,5,2,100,120,106,216,,,
H2007,1,,8,9,1,100,120,58,260,,,
H2007,1,,9,7,2,100,120,80,326,,,
H2007,1,,10,1,30,100,120,147,338,,,
H2007,1,,11,2,4,100,120,168,275,,,
H2007,1,,12,4,5,100,120,260,280,,,
H2007,1,,13,3,15,100,120,292,314,,,
H2007,1,,14,5,2,100,120,227,350,,,
H2007,1,,15,1,30,100,120,294,375,,,
H2007,2,,1,5,4,200,100,100,80,,,
H2007,2,,2,4,7,200,120,172,33,,,
H2007,2,,3,5,4,200,120,172,87,,,
H2007,2,,4,7,3,200,120,145,132,,,
H2007,2,,5,3,22,200,120,192,170,,,
H2007,2,,6,5,4,200,120,142,198,,,
H2007,2,,7,6,4,200,120,145,252,,,
H2007,2,,8,9,1,200,120,222,208,,,
H2007,2,,9,8,1,200,120,227,270,,,
H2007,2,,10,1,35,200,120,160,322,,,
H2007,2,,11,2,6,200,120,65,288,,,
H2007,2,,12,4,7,200,120,86,348,,,
H2007,2,,13,3,22,200,120,160,373,,,
H2007,2,,14,2,6,200,120,233,353,,,
H2007,2,,15,1,35,200,120,306,322,,,
H2007,3,,1,2,10,500,90,80,80,,,
H2007,3,,2,4,8,500,90,162,44,,,
H2007,3,,3,5,7,500,90,130,120,,,
H2007,3,,4,9,1,500,90,60,130,,,
H2007,3,,5,3,23,500,90,80,236,,,
H2007,3,,6,8,2,500,90,172,170,,,
H2007,3,,7,6,6,500,90,197,110,,,
H2007,3,,8,5,7,500,90,290,120,,,
H2007,3,,9,2,10,500,90,304,217,,,
H2007,3,,10,1,40,500,90,237,182,,,
H2007,3,,11,7,3,500,90,142,236,,,
H2007,3,,12,5,7,500,90,154,300,,,
H2007,3,,13,3,23,500,90,237,265,,,
H2007,3,,14,4,8,500,90,276,323,,,
H2007,3,,15,1,40,500,90,220,370,,,
H2007,4,,1,9,1,1000,80,62,170,,,
H2007,4,,2,6,8,1000,80,77,100,,,
H2007,4,,3,7,3,1000,80,134,122,,,
H2007,4,,4,4,9,1000,80,180,40,,,
H2007,4,,5,1,45,1000,80,215,100,,,
H2007,4,,6,3,27,1000,80,205,166,,,
H2007,4,,7,2,12,1000,80,278,138,,,
H2007,4,,8,5,9,1000,80,313,180,,,
H2007,4,,9,8,2,1000,80,270,246,,,
H2007,4,,10,4,9,1000,80,146,197,,,
H2007,4,,11,5,9,1000,80,93,240,,,
H2007,4,,12,2,12,1000,80,77,293,,,
H2007,4,,13,5,9,1000,80,143,320,,,
H2007,4,,14,3,27,1000,80,192,266,,,
H2007,4,,15,1,45,1000,80,262,376,,,
H2007,5,,1,4,10,2000,70,306,123,,,
H2007,5,,2,6,8,2000,69,244,140,,,
H2007,5,,3,7,4,2000,68,200,207,,,
H2007,5,,4,8,3,2000,67,150,120,,,
H2007,5,,5,3,33,2000,66,168,47,,,
H2007,5,,6,9,1,2000,65,80,85,,,
H2007,5,,7,5,10,2000,64,76,150,,,
H2007,5,,8,2,15,2000,63,142,210,,,
H2007,5,,9,4,10,2000,62,65,240,,,
H2007,5,,10,1,50,2000,61,80,333,,,
H2007,5,,11,5,10,2000,60,128,270,,,
H2007,5,,12,3,33,2000,59,208,280,,,
H2007,5,,13,5,10,2000,58,306,235,,,
H2007,5,,14,2,10,2000,57,270,300,,,
H2007,5,,15,1,50,2000,56,200,366,,,
H2006,1,,1,2,7,100,120,163,44,,,
H2006,1,,2,3,5,100,120,101,101,,,
H2006,1,,3,2,7,100,120,131,156,,,
H2006,1,,4,4,5,100,120,205,122,,,
H2006,1,,5,6,5,100,120,273,153,,,
H2006,1,,6,8,1,100,120,210,215,,,
H2006,1,,7,5,5,100,120,106,216,,,
H2006,1,,8,9,1,100,120,58,260,,,
H2006,1,,9,7,1,100,120,80,326,,,
H2006,1,,10,1,16,100,120,147,338,,,
H2006,1,,11,5,5,100,120,168,275,,,
H2006,1,,12,4,5,100,120,260,280,,,
H2006,1,,13,3,5,100,120,292,314,,,
H2006,1,,14,5,5,100,120,227,350,,,
H2006,1,,15,1,16,100,120,294,375,,,
H2006,2,,1,5,7,200,100,100,80,,,
H2006,2,,2,4,10,200,120,172,33,,,
H2006,2,,3,5,7,200,120,172,87,,,
H2006,2,,4,7,1,200,120,145,132,,,
H2006,2,,5,3,10,200,120,192,170,,,
H2006,2,,6,5,7,200,120,142,198,,,
H2006,2,,7,6,10,200,120,145,252,,,
H2006,2,,8,9,1,200,120,222,208,,,
H2006,2,,9,8,1,200,120,227,270,,,
H2006,2,,10,1,21,200,120,160,322,,,
H2006,2,,11,2,10,200,120,65,288,,,
H2006,2,,12,4,10,200,120,86,348,,,
H2006,2,,13,3,10,200,120,160,373,,,
H2006,2,,14,2,10,200,120,233,353,,,
H2006,2,,15,1,21,200,120,306,322,,,
H2006,3,,1,2,14,500,90,80,80,,,
H2006,3,,2,4,10,500,90,162,44,,,
H2006,3,,3,2,14,500,90,130,120,,,
H2006,3,,4,9,1,500,90,60,130,,,
H2006,3,,5,8,14,500,90,80,236,,,
H2006,3,,6,5,9,500,90,172,170,,,
H2006,3,,7,6,10,500,90,197,110,,,
H2006,3,,8,3,10,500,90,290,120,,,
H2006,3,,9,5,9,500,90,304,217,,,
H2006,3,,10,1,26,500,90,237,182,,,
H2006,3,,11,7,1,500,90,142,236,,,
H2006,3,,12,5,9,500,90,154,300,,,
H2006,3,,13,3,10,500,90,237,265,,,
H2006,3,,14,4,10,500,90,276,323,,,
H2006,3,,15,1,26,500,90,220,370,,,
H2006,4,,1,9,1,1000,80,62,170,,,
H2006,4,,2,4,15,1000,80,77,100,,,
H2006,4,,3,7,1,1000,80,134,122,,,
H2006,4,,4,4,15,1000,80,180,40,,,
H2006,4,,5,6,20,1000,80,215,100,,,
H2006,4,,6,3,15,1000,80,205,166,,,
H2006,4,,7,2,18,1000,80,278,138,,,
H2006,4,,8,5,12,1000,80,313,180,,,
H2006,4,,9,8,1,1000,80,270,246,,,
H2006,4,,10,1,30,1000,80,146,197,,,
H2006,4,,11,5,12,1000,80,93,240,,,
H2006,4,,12,2,18,1000,80,77,293,,,
H2006,4,,13,5,12,1000,80,143,320,,,
H2006,4,,14,3,15,1000,80,192,266,,,
H2006,4,,15,1,30,1000,80,262,376,,,
H2006,5,,1,5,15,2000,70,306,123,,,
H2006,5,,2,6,25,2000,69,244,140,,,
H2006,5,,3,7,1,2000,68,200,207,,,
H2006,5,,4,8,1,2000,67,150,120,,,
H2006,5,,5,4,20,2000,66,168,47,,,
H2006,5,,6,9,1,2000,65,80,85,,,
H2006,5,,7,3,20,2000,64,76,150,,,
H2006,5,,8,2,24,2000,63,142,210,,,
H2006,5,,9,1,35,2000,62,65,240,,,
H2006,5,,10,4,20,2000,61,80,333,,,
H2006,5,,11,5,15,2000,60,128,270,,,
H2006,5,,12,3,20,2000,59,208,280,,,
H2006,5,,13,5,15,2000,58,306,235,,,
H2006,5,,14,2,24,2000,57,270,300,,,
H2006,5,,15,1,25,2000,56,200,366,,,
H2005,1,,1,6,4,100,120,163,44,,,
H2005,1,,2,3,5,100,120,101,101,,,
H2005,1,,3,2,7,100,120,131,156,,,
H2005,1,,4,4,4,100,120,205,122,,,
H2005,1,,5,2,7,100,120,273,153,,,
H2005,1,,6,8,3,100,120,210,215,,,
H2005,1,,7,5,5,100,120,106,216,,,
H2005,1,,8,9,1,100,120,58,260,,,
H2005,1,,9,7,1,100,120,80,326,,,
H2005,1,,10,1,22,100,120,147,338,,,
H2005,1,,11,5,5,100,120,168,275,,,
H2005,1,,12,4,4,100,120,260,280,,,
H2005,1,,13,3,5,100,120,292,314,,,
H2005,1,,14,5,5,100,120,227,350,,,
H2005,1,,15,1,22,100,120,294,375,,,
H2005,2,,1,5,7,200,100,100,80,,,
H2005,2,,2,4,6,200,120,172,33,,,
H2005,2,,3,5,7,200,120,172,87,,,
H2005,2,,4,7,1,200,120,145,132,,,
H2005,2,,5,2,10,200,120,192,170,,,
H2005,2,,6,3,5,200,120,142,198,,,
H2005,2,,7,6,4,200,120,145,252,,,
H2005,2,,8,9,1,200,120,222,208,,,
H2005,2,,9,8,3,200,120,227,270,,,
H2005,2,,10,1,27,200,120,160,322,,,
H2005,2,,11,5,7,200,120,65,288,,,
H2005,2,,12,4,6,200,120,86,348,,,
H2005,2,,13,3,5,200,120,160,373,,,
H2005,2,,14,2,10,200,120,233,353,,,
H2005,2,,15,1,27,200,120,306,322,,,
H2005,3,,1,5,9,500,90,80,80,,,
H2005,3,,2,4,7,500,90,162,44,,,
H2005,3,,3,2,14,500,90,130,120,,,
H2005,3,,4,9,1,500,90,60,130,,,
H2005,3,,5,2,14,500,90,80,236,,,
H2005,3,,6,8,5,500,90,172,170,,,
H2005,3,,7,6,6,500,90,197,110,,,
H2005,3,,8,3,10,500,90,290,120,,,
H2005,3,,9,5,9,500,90,304,217,,,
H2005,3,,10,1,33,500,90,237,182,,,
H2005,3,,11,7,1,500,90,142,236,,,
H2005,3,,12,5,9,500,90,154,300,,,
H2005,3,,13,3,10,500,90,237,265,,,
H2005,3,,14,4,7,500,90,276,323,,,
H2005,3,,15,1,33,500,90,220,370,,,
H2005,4,,1,9,1,1000,80,62,170,,,
H2005,4,,2,6,8,1000,80,77,100,,,
H2005,4,,3,7,1,1000,80,134,122,,,
H2005,4,,4,4,7,1000,80,180,40,,,
H2005,4,,5,2,18,1000,80,215,100,,,
H2005,4,,6,3,10,1000,80,205,166,,,
H2005,4,,7,4,7,1000,80,278,138,,,
H2005,4,,8,5,12,1000,80,313,180,,,
H2005,4,,9,8,5,1000,80,270,246,,,
H2005,4,,10,1,38,1000,80,146,197,,,
H2005,4,,11,5,12,1000,80,93,240,,,
H2005,4,,12,2,18,1000,80,77,293,,,
H2005,4,,13,5,12,1000,80,143,320,,,
H2005,4,,14,3,10,1000,80,192,266,,,
H2005,4,,15,1,38,1000,80,262,376,,,
H2005,5,,1,4,10,2000,70,306,123,,,
H2005,5,,2,6,8,2000,69,244,140,,,
H2005,5,,3,7,1,2000,68,200,207,,,
H2005,5,,4,8,6,2000,67,150,120,,,
H2005,5,,5,2,24,2000,66,168,47,,,
H2005,5,,6,9,1,2000,65,80,85,,,
H2005,5,,7,3,10,2000,64,76,150,,,
H2005,5,,8,5,16,2000,63,142,210,,,
H2005,5,,9,4,10,2000,62,65,240,,,
H2005,5,,10,1,42,2000,61,80,333,,,
H2005,5,,11,5,16,2000,60,128,270,,,
H2005,5,,12,3,10,2000,59,208,280,,,
H2005,5,,13,5,16,2000,58,306,235,,,
H2005,5,,14,1,42,2000,57,270,300,,,
H2005,5,,15,2,24,2000,56,200,366,,,
H2004,1,,1,2,5,100,120,163,44,,,
H2004,1,,2,3,5,100,120,101,101,,,
H2004,1,,3,5,3,100,120,131,156,,,
H2004,1,,4,4,5,100,120,205,122,,,
H2004,1,,5,6,10,100,120,273,153,,,
H2004,1,,6,8,1,100,120,210,215,,,
H2004,1,,7,5,3,100,120,106,216,,,
H2004,1,,8,9,1,100,120,58,260,,,
H2004,1,,9,7,1,100,120,80,326,,,
H2004,1,,10,1,30,100,120,147,338,,,
H2004,1,,11,2,5,100,120,168,275,,,
H2004,1,,12,4,5,100,120,260,280,,,
H2004,1,,13,3,5,100,120,292,314,,,
H2004,1,,14,5,3,100,120,227,350,,,
H2004,1,,15,1,30,100,120,294,375,,,
H2004,2,,1,5,6,200,100,100,80,,,
H2004,2,,2,4,6,200,120,172,33,,,
H2004,2,,3,5,6,200,120,172,87,,,
H2004,2,,4,7,1,200,120,145,132,,,
H2004,2,,5,6,10,200,120,192,170,,,
H2004,2,,6,3,5,200,120,142,198,,,
H2004,2,,7,5,6,200,120,145,252,,,
H2004,2,,8,9,1,200,120,222,208,,,
H2004,2,,9,8,1,200,120,227,270,,,
H2004,2,,10,1,35,200,120,160,322,,,
H2004,2,,11,2,9,200,120,65,288,,,
H2004,2,,12,4,6,200,120,86,348,,,
H2004,2,,13,3,5,200,120,160,373,,,
H2004,2,,14,2,9,200,120,233,353,,,
H2004,2,,15,1,35,200,120,306,322,,,
H2004,3,,1,2,10,500,90,80,80,,,
H2004,3,,2,4,7,500,90,162,44,,,
H2004,3,,3,3,10,500,90,130,120,,,
H2004,3,,4,9,1,500,90,60,130,,,
H2004,3,,5,6,12,500,90,80,236,,,
H2004,3,,6,8,2,500,90,172,170,,,
H2004,3,,7,5,7,500,90,197,110,,,
H2004,3,,8,2,10,500,90,290,120,,,
H2004,3,,9,5,7,500,90,304,217,,,
H2004,3,,10,1,40,500,90,237,182,,,
H2004,3,,11,7,1,500,90,142,236,,,
H2004,3,,12,5,7,500,90,154,300,,,
H2004,3,,13,3,10,500,90,237,265,,,
H2004,3,,14,4,7,500,90,276,323,,,
H2004,3,,15,1,40,500,90,220,370,,,
H2004,4,,1,9,1,1000,80,62,170,,,
H2004,4,,2,6,12,1000,80,77,100,,,
H2004,4,,3,7,1,1000,80,134,122,,,
H2004,4,,4,4,7,1000,80,180,40,,,
H2004,4,,5,2,15,1000,80,215,100,,,
H2004,4,,6,3,10,1000,80,205,166,,,
H2004,4,,7,4,7,1000,80,278,138,,,
H2004,4,,8,5,11,1000,80,313,180,,,
H2004,4,,9,8,2,1000,80,270,246,,,
H2004,4,,10,1,45,1000,80,146,197,,,
H2004,4,,11,5,11,1000,80,93,240,,,
H2004,4,,12,2,15,1000,80,77,293,,,
H2004,4,,13,5,11,1000,80,143,320,,,
H2004,4,,14,3,10,1000,80,192,266,,,
H2004,4,,15,1,45,1000,80,262,376,,,
H2004,5,,1,4,10,2000,70,306,123,,,
H2004,5,,2,6,16,2000,69,244,140,,,
H2004,5,,3,7,1,2000,68,200,207,,,
H2004,5,,4,8,3,2000,67,150,120,,,
H2004,5,,5,2,20,2000,66,168,47,,,
H2004,5,,6,9,1,2000,65,80,85,,,
H2004,5,,7,3,10,2000,64,76,150,,,
H2004,5,,8,5,13,2000,63,142,210,,,
H2004,5,,9,4,10,2000,62,65,240,,,
H2004,5,,10,1,50,2000,61,80,333,,,
H2004,5,,11,5,13,2000,60,128,270,,,
H2004,5,,12,3,10,2000,59,208,280,,,
H2004,5,,13,5,13,2000,58,306,235,,,
H2004,5,,14,2,20,2000,57,270,300,,,
H2004,5,,15,1,50,2000,56,200,366,,,
H2003,1,,1,6,7,100,120,163,44,,,
H2003,1,,2,3,5,100,120,101,101,,,
H2003,1,,3,5,7,100,120,131,156,,,
H2003,1,,4,4,5,100,120,205,122,,,
H2003,1,,5,2,10,100,120,273,153,,,
H2003,1,,6,8,1,100,120,210,215,,,
H2003,1,,7,5,7,100,120,106,216,,,
H2003,1,,8,9,1,100,120,58,260,,,
H2003,1,,9,7,1,100,120,80,326,,,
H2003,1,,10,1,15,100,120,147,338,,,
H2003,1,,11,2,10,100,120,168,275,,,
H2003,1,,12,4,5,100,120,260,280,,,
H2003,1,,13,3,5,100,120,292,314,,,
H2003,1,,14,5,7,100,120,227,350,,,
H2003,1,,15,1,15,100,120,294,375,,,
H2003,2,,1,5,8,200,100,100,80,,,
H2003,2,,2,4,5,200,120,172,33,,,
H2003,2,,3,5,8,200,120,172,87,,,
H2003,2,,4,7,1,200,120,145,132,,,
H2003,2,,5,5,8,200,120,192,170,,,
H2003,2,,6,2,12,200,120,142,198,,,
H2003,2,,7,6,8,200,120,145,252,,,
H2003,2,,8,9,1,200,120,222,208,,,
H2003,2,,9,8,1,200,120,227,270,,,
H2003,2,,10,1,20,200,120,160,322,,,
H2003,2,,11,3,6,200,120,65,288,,,
H2003,2,,12,4,5,200,120,86,348,,,
H2003,2,,13,3,6,200,120,160,373,,,
H2003,2,,14,2,12,200,120,233,353,,,
H2003,2,,15,1,20,200,120,306,322,,,
H2003,3,,1,5,11,500,90,80,80,,,
H2003,3,,2,4,5,500,90,162,44,,,
H2003,3,,3,2,16,500,90,130,120,,,
H2003,3,,4,9,2,500,90,60,130,,,
H2003,3,,5,2,16,500,90,80,236,,,
H2003,3,,6,8,2,500,90,172,170,,,
H2003,3,,7,6,9,500,90,197,110,,,
H2003,3,,8,3,10,500,90,290,120,,,
H2003,3,,9,5,12,500,90,304,217,,,
H2003,3,,10,1,25,500,90,237,182,,,
H2003,3,,11,7,1,500,90,142,236,,,
H2003,3,,12,5,11,500,90,154,300,,,
H2003,3,,13,3,10,500,90,237,265,,,
H2003,3,,14,4,5,500,90,276,323,,,
H2003,3,,15,1,25,500,90,220,370,,,
H2003,4,,1,9,2,1000,80,62,170,,,
H2003,4,,2,6,10,1000,80,77,100,,,
H2003,4,,3,7,1,1000,80,134,122,,,
H2003,4,,4,4,6,1000,80,180,40,,,
H2003,4,,5,2,20,1000,80,215,100,,,
H2003,4,,6,3,10,1000,80,205,166,,,
H2003,4,,7,4,6,1000,80,278,138,,,
H2003,4,,8,5,13,1000,80,313,180,,,
H2003,4,,9,8,2,1000,80,270,246,,,
H2003,4,,10,1,30,1000,80,146,197,,,
H2003,4,,11,5,13,1000,80,93,240,,,
H2003,4,,12,2,20,1000,80,77,293,,,
H2003,4,,13,5,13,1000,80,143,320,,,
H2003,4,,14,3,10,1000,80,192,266,,,
H2003,4,,15,1,30,1000,80,262,376,,,
H2003,5,,1,4,6,2000,70,306,123,,,
H2003,5,,2,6,11,2000,69,244,140,,,
H2003,5,,3,7,1,2000,68,200,207,,,
H2003,5,,4,8,3,2000,67,150,120,,,
H2003,5,,5,2,25,2000,66,168,47,,,
H2003,5,,6,9,3,2000,65,80,85,,,
H2003,5,,7,3,12,2000,64,76,150,,,
H2003,5,,8,5,16,2000,63,142,210,,,
H2003,5,,9,4,6,2000,62,65,240,,,
H2003,5,,10,1,35,2000,61,80,333,,,
H2003,5,,11,5,16,2000,60,128,270,,,
H2003,5,,12,3,12,2000,59,208,280,,,
H2003,5,,13,5,16,2000,58,306,235,,,
H2003,5,,14,2,25,2000,57,270,300,,,
H2003,5,,15,1,35,2000,56,200,366,,,
H2002,1,,1,2,5,100,120,163,44,,,
H2002,1,,2,3,7,100,120,101,101,,,
H2002,1,,3,2,5,100,120,131,156,,,
H2002,1,,4,4,2,100,120,205,122,,,
H2002,1,,5,6,4,100,120,273,153,,,
H2002,1,,6,8,1,100,120,210,215,,,
H2002,1,,7,5,5,100,120,106,216,,,
H2002,1,,8,9,1,100,120,58,260,,,
H2002,1,,9,7,4,100,120,80,326,,,
H2002,1,,10,1,25,100,120,147,338,,,
H2002,1,,11,5,5,100,120,168,275,,,
H2002,1,,12,4,2,100,120,260,280,,,
H2002,1,,13,3,7,100,120,292,314,,,
H2002,1,,14,5,5,100,120,227,350,,,
H2002,1,,15,1,25,100,120,294,375,,,
H2002,2,,1,5,7,200,100,100,80,,,
H2002,2,,2,4,3,200,120,172,33,,,
H2002,2,,3,5,7,200,120,172,87,,,
H2002,2,,4,7,4,200,120,145,132,,,
H2002,2,,5,2,10,200,120,192,170,,,
H2002,2,,6,3,8,200,120,142,198,,,
H2002,2,,7,6,4,200,120,145,252,,,
H2002,2,,8,9,1,200,120,222,208,,,
H2002,2,,9,8,1,200,120,227,270,,,
H2002,2,,10,1,30,200,120,160,322,,,
H2002,2,,11,2,10,200,120,65,288,,,
H2002,2,,12,4,3,200,120,86,348,,,
H2002,2,,13,3,8,200,120,160,373,,,
H2002,2,,14,5,7,200,120,233,353,,,
H2002,2,,15,1,30,200,120,306,322,,,
H2002,3,,1,5,9,500,90,80,80,,,
H2002,3,,2,4,3,500,90,162,44,,,
H2002,3,,3,2,14,500,90,130,120,,,
H2002,3,,4,9,1,500,90,60,130,,,
H2002,3,,5,2,14,500,90,80,236,,,
H2002,3,,6,8,1,500,90,172,170,,,
H2002,3,,7,6,6,500,90,197,110,,,
H2002,3,,8,3,9,500,90,290,120,,,
H2002,3,,9,5,9,500,90,304,217,,,
H2002,3,,10,1,30,500,90,237,182,,,
H2002,3,,11,7,6,500,90,142,236,,,
H2002,3,,12,5,9,500,90,154,300,,,
H2002,3,,13,3,9,500,90,237,265,,,
H2002,3,,14,4,3,500,90,276,323,,,
H2002,3,,15,1,30,500,90,220,370,,,
H2002,4,,1,9,1,1000,80,62,170,,,
H2002,4,,2,6,8,1000,80,77,100,,,
H2002,4,,3,7,8,1000,80,134,122,,,
H2002,4,,4,4,4,1000,80,180,40,,,
H2002,4,,5,2,18,1000,80,215,100,,,
H2002,4,,6,3,11,1000,80,205,166,,,
H2002,4,,7,4,4,1000,80,278,138,,,
H2002,4,,8,5,12,1000,80,313,180,,,
H2002,4,,9,8,1,1000,80,270,246,,,
H2002,4,,10,1,40,1000,80,146,197,,,
H2002,4,,11,5,12,1000,80,93,240,,,
H2002,4,,12,2,18,1000,80,77,293,,,
H2002,4,,13,5,12,1000,80,143,320,,,
H2002,4,,14,3,11,1000,80,192,266,,,
H2002,4,,15,1,40,1000,80,262,376,,,
H2002,5,,1,4,5,2000,70,306,123,,,
H2002,5,,2,6,8,2000,69,244,140,,,
H2002,5,,3,7,8,2000,68,200,207,,,
H2002,5,,4,8,1,2000,67,150,120,,,
H2002,5,,5,2,24,2000,66,168,47,,,
H2002,5,,6,9,1,2000,65,80,85,,,
H2002,5,,7,3,12,2000,64,76,150,,,
H2002,5,,8,5,14,2000,63,142,210,,,
H2002,5,,9,4,5,2000,62,65,240,,,
H2002,5,,10,1,45,2000,61,80,333,,,
H2002,5,,11,5,14,2000,60,128,270,,,
H2002,5,,12,3,12,2000,59,208,280,,,
H2002,5,,13,5,14,2000,58,306,235,,,
H2002,5,,14,2,24,2000,57,270,300,,,
H2002,5,,15,1,45,2000,56,200,366,,,
H2001,1,,1,2,5,100,120,163,44,,,
H2001,1,,2,3,1,100,120,101,101,,,
H2001,1,,3,5,3,100,120,131,156,,,
H2001,1,,4,4,5,100,120,205,122,,,
H2001,1,,5,6,7,100,120,273,153,,,
H2001,1,,6,8,2,100,120,210,215,,,
H2001,1,,7,5,3,100,120,106,216,,,
H2001,1,,8,9,1,100,120,58,260,,,
H2001,1,,9,7,1,100,120,80,326,,,
H2001,1,,10,1,30,100,120,147,338,,,
H2001,1,,11,2,5,100,120,168,275,,,
H2001,1,,12,4,5,100,120,260,280,,,
H2001,1,,13,3,1,100,120,292,314,,,
H2001,1,,14,5,3,100,120,227,350,,,
H2001,1,,15,1,30,100,120,294,375,,,
H2001,2,,1,5,6,200,100,100,80,,,
H2001,2,,2,4,10,200,120,172,33,,,
H2001,2,,3,5,6,200,120,172,87,,,
H2001,2,,4,7,1,200,120,145,132,,,
H2001,2,,5,4,10,200,120,192,170,,,
H2001,2,,6,3,2,200,120,142,198,,,
H2001,2,,7,6,8,200,120,145,252,,,
H2001,2,,8,9,1,200,120,222,208,,,
H2001,2,,9,8,3,200,120,227,270,,,
H2001,2,,10,1,35,200,120,160,322,,,
H2001,2,,11,2,9,200,120,65,288,,,
H2001,2,,12,5,6,200,120,86,348,,,
H2001,2,,13,3,2,200,120,160,373,,,
H2001,2,,14,2,9,200,120,233,353,,,
H2001,2,,15,1,35,200,120,306,322,,,
H2001,3,,1,5,10,500,90,80,80,,,
H2001,3,,2,4,10,500,90,162,44,,,
H2001,3,,3,5,10,500,90,130,120,,,
H2001,3,,4,9,2,500,90,60,130,,,
H2001,3,,5,2,15,500,90,80,236,,,
H2001,3,,6,8,3,500,90,172,170,,,
H2001,3,,7,6,9,500,90,197,110,,,
H2001,3,,8,3,2,500,90,290,120,,,
H2001,3,,9,2,15,500,90,304,217,,,
H2001,3,,10,1,40,500,90,237,182,,,
H2001,3,,11,7,1,500,90,142,236,,,
H2001,3,,12,5,10,500,90,154,300,,,
H2001,3,,13,3,2,500,90,237,265,,,
H2001,3,,14,4,10,500,90,276,323,,,
H2001,3,,15,1,40,500,90,220,370,,,
H2001,4,,1,9,2,1000,80,62,170,,,
H2001,4,,2,6,10,1000,80,77,100,,,
H2001,4,,3,7,1,1000,80,134,122,,,
H2001,4,,4,4,5,1000,80,180,40,,,
H2001,4,,5,1,45,1000,80,215,100,,,
H2001,4,,6,3,2,1000,80,205,166,,,
H2001,4,,7,2,16,1000,80,278,138,,,
H2001,4,,8,5,11,1000,80,313,180,,,
H2001,4,,9,8,3,1000,80,270,246,,,
H2001,4,,10,4,15,1000,80,146,197,,,
H2001,4,,11,5,11,1000,80,93,240,,,
H2001,4,,12,2,16,1000,80,77,293,,,
H2001,4,,13,5,11,1000,80,143,320,,,
H2001,4,,14,3,2,1000,80,192,266,,,
H2001,4,,15,1,45,1000,80,262,376,,,
H2001,5,,1,4,20,2000,70,306,123,,,
H2001,5,,2,6,11,2000,69,244,140,,,
H2001,5,,3,7,1,2000,68,200,207,,,
H2001,5,,4,8,4,2000,67,150,120,,,
H2001,5,,5,2,22,2000,66,168,47,,,
H2001,5,,6,9,3,2000,65,80,85,,,
H2001,5,,7,3,3,2000,64,76,150,,,
H2001,5,,8,5,14,2000,63,142,210,,,
H2001,5,,9,4,20,2000,62,65,240,,,
H2001,5,,10,1,50,2000,61,80,333,,,
H2001,5,,11,5,14,2000,60,128,270,,,
H2001,5,,12,3,3,2000,59,208,280,,,
H2001,5,,13,5,14,2000,58,306,235,,,
H2001,5,,14,2,22,2000,57,270,300,,,
H2001,5,,15,1,50,2000,56,200,366,,,
H1010,1,,1,2,3,100,120,163,44,,,
H1010,1,,2,6,1,100,120,101,101,,,
H1010,1,,3,2,3,100,120,131,156,,,
H1010,1,,4,4,5,100,120,205,122,,,
H1010,1,,5,3,20,100,120,273,153,,,
H1010,1,,6,8,2,100,120,210,215,,,
H1010,1,,7,5,2,100,120,106,216,,,
H1010,1,,8,9,1,100,120,58,260,,,
H1010,1,,9,7,7,100,120,80,326,,,
H1010,1,,10,1,60,100,120,147,338,,,
H1010,1,,11,5,2,100,120,168,275,,,
H1010,1,,12,4,5,100,120,260,280,,,
H1010,1,,13,3,20,100,120,292,314,,,
H1010,1,,14,5,2,100,120,227,350,,,
H1010,1,,15,1,60,100,120,294,375,,,
H1010,2,,1,5,3,200,100,100,80,,,
H1010,2,,2,4,5,200,120,172,33,,,
H1010,2,,3,5,3,200,120,172,87,,,
H1010,2,,4,7,7,200,120,145,132,,,
H1010,2,,5,3,25,200,120,192,170,,,
H1010,2,,6,5,3,200,120,142,198,,,
H1010,2,,7,6,1,200,120,145,252,,,
H1010,2,,8,9,1,200,120,222,208,,,
H1010,2,,9,8,2,200,120,227,270,,,
H1010,2,,10,1,65,200,120,160,322,,,
H1010,2,,11,2,5,200,120,65,288,,,
H1010,2,,12,4,7,200,120,86,348,,,
H1010,2,,13,3,25,200,120,160,373,,,
H1010,2,,14,2,5,200,120,233,353,,,
H1010,2,,15,1,65,200,120,306,322,,,
H1010,3,,1,2,5,500,90,80,80,,,
H1010,3,,2,4,8,500,90,162,44,,,
H1010,3,,3,5,4,500,90,130,120,,,
H1010,3,,4,9,2,500,90,60,130,,,
H1010,3,,5,3,30,500,90,80,236,,,
H1010,3,,6,8,3,500,90,172,170,,,
H1010,3,,7,6,1,500,90,197,110,,,
H1010,3,,8,5,4,500,90,290,120,,,
H1010,3,,9,1,70,500,90,304,217,,,
H1010,3,,10,2,5,500,90,237,182,,,
H1010,3,,11,7,9,500,90,142,236,,,
H1010,3,,12,5,4,500,90,154,300,,,
H1010,3,,13,3,30,500,90,237,265,,,
H1010,3,,14,4,8,500,90,276,323,,,
H1010,3,,15,1,70,500,90,220,370,,,
H1010,4,,1,9,2,1000,80,62,170,,,
H1010,4,,2,6,1,1000,80,77,100,,,
H1010,4,,3,7,10,1000,80,134,122,,,
H1010,4,,4,4,9,1000,80,180,40,,,
H1010,4,,5,3,35,1000,80,215,100,,,
H1010,4,,6,4,9,1000,80,205,166,,,
H1010,4,,7,2,7,1000,80,278,138,,,
H1010,4,,8,5,5,1000,80,313,180,,,
H1010,4,,9,8,3,1000,80,270,246,,,
H1010,4,,10,1,75,1000,80,146,197,,,
H1010,4,,11,5,5,1000,80,93,240,,,
H1010,4,,12,2,7,1000,80,77,293,,,
H1010,4,,13,5,5,1000,80,143,320,,,
H1010,4,,14,3,35,1000,80,192,266,,,
H1010,4,,15,1,75,1000,80,262,376,,,
H1010,5,,1,4,10,2000,70,306,123,,,
H1010,5,,2,6,1,2000,69,244,140,,,
H1010,5,,3,7,11,2000,68,200,207,,,
H1010,5,,4,8,4,2000,67,150,120,,,
H1010,5,,5,5,6,2000,66,168,47,,,
H1010,5,,6,3,35,2000,65,80,85,,,
H1010,5,,7,3,35,2000,64,76,150,,,
H1010,5,,8,9,3,2000,63,142,210,,,
H1010,5,,9,4,10,2000,62,65,240,,,
H1010,5,,10,1,80,2000,61,80,333,,,
H1010,5,,11,5,6,2000,60,128,270,,,
H1010,5,,12,3,35,2000,59,208,280,,,
H1010,5,,13,5,6,2000,58,306,235,,,
H1010,5,,14,2,10,2000,57,270,300,,,
H1010,5,,15,1,80,2000,56,200,366,,,
H1009,1,,1,2,3,100,120,163,44,,,
H1009,1,,2,6,1,100,120,101,101,,,
H1009,1,,3,5,2,100,120,131,156,,,
H1009,1,,4,4,3,100,120,205,122,,,
H1009,1,,5,3,20,100,120,273,153,,,
H1009,1,,6,8,1,100,120,210,215,,,
H1009,1,,7,5,2,100,120,106,216,,,
H1009,1,,8,9,3,100,120,58,260,,,
H1009,1,,9,7,4,100,120,80,326,,,
H1009,1,,10,1,70,100,120,147,338,,,
H1009,1,,11,2,3,100,120,168,275,,,
H1009,1,,12,4,3,100,120,260,280,,,
H1009,1,,13,3,20,100,120,292,314,,,
H1009,1,,14,5,2,100,120,227,350,,,
H1009,1,,15,1,70,100,120,294,375,,,
H1009,2,,1,5,3,200,100,100,80,,,
H1009,2,,2,4,3,200,120,172,33,,,
H1009,2,,3,5,3,200,120,172,87,,,
H1009,2,,4,7,4,200,120,145,132,,,
H1009,2,,5,3,20,200,120,192,170,,,
H1009,2,,6,5,3,200,120,142,198,,,
H1009,2,,7,6,1,200,120,145,252,,,
H1009,2,,8,9,3,200,120,222,208,,,
H1009,2,,9,8,1,200,120,227,270,,,
H1009,2,,10,1,75,200,120,160,322,,,
H1009,2,,11,2,5,200,120,65,288,,,
H1009,2,,12,4,3,200,120,86,348,,,
H1009,2,,13,3,20,200,120,160,373,,,
H1009,2,,14,2,5,200,120,233,353,,,
H1009,2,,15,1,75,200,120,306,322,,,
H1009,3,,1,2,5,500,90,80,80,,,
H1009,3,,2,4,3,500,90,162,44,,,
H1009,3,,3,1,80,500,90,130,120,,,
H1009,3,,4,9,5,500,90,60,130,,,
H1009,3,,5,3,25,500,90,80,236,,,
H1009,3,,6,8,1,500,90,172,170,,,
H1009,3,,7,6,1,500,90,197,110,,,
H1009,3,,8,5,4,500,90,290,120,,,
H1009,3,,9,2,5,500,90,304,217,,,
H1009,3,,10,1,80,500,90,237,182,,,
H1009,3,,11,7,6,500,90,142,236,,,
H1009,3,,12,5,4,500,90,154,300,,,
H1009,3,,13,3,25,500,90,237,265,,,
H1009,3,,14,4,3,500,90,276,323,,,
H1009,3,,15,,4,500,90,220,370,,,
H1009,4,,1,9,5,1000,80,62,170,,,
H1009,4,,2,6,1,1000,80,77,100,,,
H1009,4,,3,7,8,1000,80,134,122,,,
H1009,4,,4,4,4,1000,80,180,40,,,
H1009,4,,5,3,30,1000,80,215,100,,,
H1009,4,,6,4,4,1000,80,205,166,,,
H1009,4,,7,2,7,1000,80,278,138,,,
H1009,4,,8,5,5,1000,80,313,180,,,
H1009,4,,9,8,1,1000,80,270,246,,,
H1009,4,,10,1,85,1000,80,146,197,,,
H1009,4,,11,5,5,1000,80,93,240,,,
H1009,4,,12,2,7,1000,80,77,293,,,
H1009,4,,13,5,5,1000,80,143,320,,,
H1009,4,,14,3,30,1000,80,192,266,,,
H1009,4,,15,1,85,1000,80,262,376,,,
H1009,5,,1,4,4,2000,70,306,123,,,
H1009,5,,2,6,1,2000,69,244,140,,,
H1009,5,,3,7,8,2000,68,200,207,,,
H1009,5,,4,8,1,2000,67,150,120,,,
H1009,5,,5,3,35,2000,66,168,47,,,
H1009,5,,6,9,6,2000,65,80,85,,,
H1009,5,,7,3,35,2000,64,76,150,,,
H1009,5,,8,2,10,2000,63,142,210,,,
H1009,5,,9,4,4,2000,62,65,240,,,
H1009,5,,10,1,90,2000,61,80,333,,,
H1009,5,,11,5,6,2000,60,128,270,,,
H1009,5,,12,5,6,2000,59,208,280,,,
H1009,5,,13,5,6,2000,58,306,235,,,
H1009,5,,14,2,10,2000,57,270,300,,,
H1009,5,,15,1,90,2000,56,200,366,,,
H1008,1,,1,2,3,100,120,163,44,,,
H1008,1,,2,6,1,100,120,101,101,,,
H1008,1,,3,2,3,100,120,131,156,,,
H1008,1,,4,4,6,100,120,205,122,,,
H1008,1,,5,3,25,100,120,273,153,,,
H1008,1,,6,8,1,100,120,210,215,,,
H1008,1,,7,5,2,100,120,106,216,,,
H1008,1,,8,9,1,100,120,58,260,,,
H1008,1,,9,7,5,100,120,80,326,,,
H1008,1,,10,1,60,100,120,147,338,,,
H1008,1,,11,5,3,100,120,168,275,,,
H1008,1,,12,4,6,100,120,260,280,,,
H1008,1,,13,3,25,100,120,292,314,,,
H1008,1,,14,5,2,100,120,227,350,,,
H1008,1,,15,1,60,100,120,294,375,,,
H1008,2,,1,5,3,200,100,100,80,,,
H1008,2,,2,4,6,200,120,172,33,,,
H1008,2,,3,5,3,200,120,172,87,,,
H1008,2,,4,7,10,200,120,145,132,,,
H1008,2,,5,3,30,200,120,192,170,,,
H1008,2,,6,5,3,200,120,142,198,,,
H1008,2,,7,6,1,200,120,145,252,,,
H1008,2,,8,9,1,200,120,222,208,,,
H1008,2,,9,8,1,200,120,227,270,,,
H1008,2,,10,1,65,200,120,160,322,,,
H1008,2,,11,2,5,200,120,65,288,,,
H1008,2,,12,4,6,200,120,86,348,,,
H1008,2,,13,3,30,200,120,160,373,,,
H1008,2,,14,2,5,200,120,233,353,,,
H1008,2,,15,1,65,200,120,306,322,,,
H1008,3,,1,2,5,500,90,80,80,,,
H1008,3,,2,4,7,500,90,162,44,,,
H1008,3,,3,5,4,500,90,130,120,,,
H1008,3,,4,9,1,500,90,60,130,,,
H1008,3,,5,3,30,500,90,80,236,,,
H1008,3,,6,8,1,500,90,172,170,,,
H1008,3,,7,6,1,500,90,197,110,,,
H1008,3,,8,5,4,500,90,290,120,,,
H1008,3,,9,1,70,500,90,304,217,,,
H1008,3,,10,2,5,500,90,237,182,,,
H1008,3,,11,7,15,500,90,142,236,,,
H1008,3,,12,5,4,500,90,154,300,,,
H1008,3,,13,3,30,500,90,237,265,,,
H1008,3,,14,4,7,500,90,276,323,,,
H1008,3,,15,1,70,500,90,220,370,,,
H1008,4,,1,9,1,1000,80,62,170,,,
H1008,4,,2,6,1,1000,80,77,100,,,
H1008,4,,3,7,20,1000,80,134,122,,,
H1008,4,,4,4,7,1000,80,180,40,,,
H1008,4,,5,3,35,1000,80,215,100,,,
H1008,4,,6,4,7,1000,80,205,166,,,
H1008,4,,7,2,7,1000,80,278,138,,,
H1008,4,,8,5,5,1000,80,313,180,,,
H1008,4,,9,8,1,1000,80,270,246,,,
H1008,4,,10,1,75,1000,80,146,197,,,
H1008,4,,11,5,5,1000,80,93,240,,,
H1008,4,,12,2,7,1000,80,77,293,,,
H1008,4,,13,5,5,1000,80,143,320,,,
H1008,4,,14,3,35,1000,80,192,266,,,
H1008,4,,15,1,75,1000,80,262,376,,,
H1008,5,,1,4,8,2000,70,306,123,,,
H1008,5,,2,6,1,2000,69,244,140,,,
H1008,5,,3,9,1,2000,68,200,207,,,
H1008,5,,4,8,1,2000,67,150,120,,,
H1008,5,,5,5,6,2000,66,168,47,,,
H1008,5,,6,7,25,2000,65,80,85,,,
H1008,5,,7,3,40,2000,64,76,150,,,
H1008,5,,8,2,10,2000,63,142,210,,,
H1008,5,,9,4,8,2000,62,65,240,,,
H1008,5,,10,1,80,2000,61,80,333,,,
H1008,5,,11,5,6,2000,60,128,270,,,
H1008,5,,12,3,40,2000,59,208,280,,,
H1008,5,,13,5,6,2000,58,306,235,,,
H1008,5,,14,2,10,2000,57,270,300,,,
H1008,5,,15,1,80,2000,56,200,366,,,
H1007,1,,1,2,5,100,120,163,44,,,
H1007,1,,2,6,2,100,120,101,101,,,
H1007,1,,3,2,5,100,120,131,156,,,
H1007,1,,4,4,3,100,120,205,122,,,
H1007,1,,5,3,9,100,120,273,153,,,
H1007,1,,6,8,2,100,120,210,215,,,
H1007,1,,7,5,4,100,120,106,216,,,
H1007,1,,8,9,1,100,120,58,260,,,
H1007,1,,9,7,4,100,120,80,326,,,
H1007,1,,10,1,35,100,120,147,338,,,
H1007,1,,11,5,4,100,120,168,275,,,
H1007,1,,12,4,3,100,120,260,280,,,
H1007,1,,13,3,9,100,120,292,314,,,
H1007,1,,14,5,4,100,120,227,350,,,
H1007,1,,15,1,35,100,120,294,375,,,
H1007,2,,1,5,6,200,100,100,80,,,
H1007,2,,2,4,4,200,120,172,33,,,
H1007,2,,3,5,6,200,120,172,87,,,
H1007,2,,4,7,4,200,120,145,132,,,
H1007,2,,5,3,12,200,120,192,170,,,
H1007,2,,6,5,6,200,120,142,198,,,
H1007,2,,7,6,3,200,120,145,252,,,
H1007,2,,8,9,1,200,120,222,208,,,
H1007,2,,9,8,3,200,120,227,270,,,
H1007,2,,10,1,50,200,120,160,322,,,
H1007,2,,11,2,9,200,120,65,288,,,
H1007,2,,12,4,4,200,120,86,348,,,
H1007,2,,13,3,12,200,120,160,373,,,
H1007,2,,14,2,9,200,120,233,353,,,
H1007,2,,15,1,50,200,120,306,322,,,
H1007,3,,1,2,10,500,90,80,80,,,
H1007,3,,2,4,4,500,90,162,44,,,
H1007,3,,3,5,8,500,90,130,120,,,
H1007,3,,4,9,1,500,90,60,130,,,
H1007,3,,5,3,14,500,90,80,236,,,
H1007,3,,6,8,3,500,90,172,170,,,
H1007,3,,7,6,3,500,90,197,110,,,
H1007,3,,8,5,8,500,90,290,120,,,
H1007,3,,9,2,10,500,90,304,217,,,
H1007,3,,10,1,55,500,90,237,182,,,
H1007,3,,11,7,6,500,90,142,236,,,
H1007,3,,12,5,8,500,90,154,300,,,
H1007,3,,13,3,14,500,90,237,265,,,
H1007,3,,14,4,4,500,90,276,323,,,
H1007,3,,15,1,55,500,90,220,370,,,
H1007,4,,1,9,1,1000,80,62,170,,,
H1007,4,,2,6,3,1000,80,77,100,,,
H1007,4,,3,7,8,1000,80,134,122,,,
H1007,4,,4,4,5,1000,80,180,40,,,
H1007,4,,5,3,15,1000,80,215,100,,,
H1007,4,,6,4,5,1000,80,205,166,,,
H1007,4,,7,2,12,1000,80,278,138,,,
H1007,4,,8,5,9,1000,80,313,180,,,
H1007,4,,9,8,3,1000,80,270,246,,,
H1007,4,,10,1,60,1000,80,146,197,,,
H1007,4,,11,5,9,1000,80,93,240,,,
H1007,4,,12,2,12,1000,80,77,293,,,
H1007,4,,13,5,9,1000,80,143,320,,,
H1007,4,,14,3,15,1000,80,192,266,,,
H1007,4,,15,1,60,1000,80,262,376,,,
H1007,5,,1,4,5,2000,70,306,123,,,
H1007,5,,2,6,4,2000,69,244,140,,,
H1007,5,,3,7,8,2000,68,200,207,,,
H1007,5,,4,8,4,2000,67,150,120,,,
H1007,5,,5,3,20,2000,66,168,47,,,
H1007,5,,6,9,1,2000,65,80,85,,,
H1007,5,,7,3,20,2000,64,76,150,,,
H1007,5,,8,5,11,2000,63,142,210,,,
H1007,5,,9,4,5,2000,62,65,240,,,
H1007,5,,10,1,65,2000,61,80,333,,,
H1007,5,,11,5,11,2000,60,128,270,,,
H1007,5,,12,3,20,2000,59,208,280,,,
H1007,5,,13,5,11,2000,58,306,235,,,
H1007,5,,14,2,20,2000,57,270,300,,,
H1007,5,,15,1,65,2000,56,200,366,,,
H1006,1,,1,2,4,100,120,163,44,,,
H1006,1,,2,6,1,100,120,101,101,,,
H1006,1,,3,5,3,100,120,131,156,,,
H1006,1,,4,4,2,100,120,205,122,,,
H1006,1,,5,3,35,100,120,273,153,,,
H1006,1,,6,8,1,100,120,210,215,,,
H1006,1,,7,5,3,100,120,106,216,,,
H1006,1,,8,9,1,100,120,58,260,,,
H1006,1,,9,7,4,100,120,80,326,,,
H1006,1,,10,1,45,100,120,147,338,,,
H1006,1,,11,2,4,100,120,168,275,,,
H1006,1,,12,4,2,100,120,260,280,,,
H1006,1,,13,3,35,100,120,292,314,,,
H1006,1,,14,5,3,100,120,227,350,,,
H1006,1,,15,1,45,100,120,294,375,,,
H1006,2,,1,1,50,200,100,100,80,,,
H1006,2,,2,4,2,200,120,172,33,,,
H1006,2,,3,5,3,200,120,172,87,,,
H1006,2,,4,7,4,200,120,145,132,,,
H1006,2,,5,5,4,200,120,192,170,,,
H1006,2,,6,3,35,200,120,142,198,,,
H1006,2,,7,6,1,200,120,145,252,,,
H1006,2,,8,9,1,200,120,222,208,,,
H1006,2,,9,8,1,200,120,227,270,,,
H1006,2,,10,5,4,200,120,160,322,,,
H1006,2,,11,2,6,200,120,65,288,,,
H1006,2,,12,4,2,200,120,86,348,,,
H1006,2,,13,3,35,200,120,160,373,,,
H1006,2,,14,2,6,200,120,233,353,,,
H1006,2,,15,1,50,200,120,306,322,,,
H1006,3,,1,2,7,500,90,80,80,,,
H1006,3,,2,4,3,500,90,162,44,,,
H1006,3,,3,2,7,500,90,130,120,,,
H1006,3,,4,9,1,500,90,60,130,,,
H1006,3,,5,3,40,500,90,80,236,,,
H1006,3,,6,8,2,500,90,172,170,,,
H1006,3,,7,6,1,500,90,197,110,,,
H1006,3,,8,5,5,500,90,290,120,,,
H1006,3,,9,5,5,500,90,304,217,,,
H1006,3,,10,1,55,500,90,237,182,,,
H1006,3,,11,7,6,500,90,142,236,,,
H1006,3,,12,5,5,500,90,154,300,,,
H1006,3,,13,3,40,500,90,237,265,,,
H1006,3,,14,4,3,500,90,276,323,,,
H1006,3,,15,1,55,500,90,220,370,,,
H1006,4,,1,9,1,1000,80,62,170,,,
H1006,4,,2,6,1,1000,80,77,100,,,
H1006,4,,3,7,8,1000,80,134,122,,,
H1006,4,,4,4,3,1000,80,180,40,,,
H1006,4,,5,3,45,1000,80,215,100,,,
H1006,4,,6,1,60,1000,80,205,166,,,
H1006,4,,7,2,10,1000,80,278,138,,,
H1006,4,,8,5,6,1000,80,313,180,,,
H1006,4,,9,8,2,1000,80,270,246,,,
H1006,4,,10,4,3,1000,80,146,197,,,
H1006,4,,11,5,6,1000,80,93,240,,,
H1006,4,,12,2,10,1000,80,77,293,,,
H1006,4,,13,5,6,1000,80,143,320,,,
H1006,4,,14,3,45,1000,80,192,266,,,
H1006,4,,15,1,60,1000,80,262,376,,,
H1006,5,,1,4,4,2000,70,306,123,,,
H1006,5,,2,6,1,2000,69,244,140,,,
H1006,5,,3,7,8,2000,68,200,207,,,
H1006,5,,4,8,3,2000,67,150,120,,,
H1006,5,,5,3,50,2000,66,168,47,,,
H1006,5,,6,9,1,2000,65,80,85,,,
H1006,5,,7,5,7,2000,64,76,150,,,
H1006,5,,8,2,12,2000,63,142,210,,,
H1006,5,,9,4,4,2000,62,65,240,,,
H1006,5,,10,1,65,2000,61,80,333,,,
H1006,5,,11,5,7,2000,60,128,270,,,
H1006,5,,12,3,50,2000,59,208,280,,,
H1006,5,,13,5,7,2000,58,306,235,,,
H1006,5,,14,2,12,2000,57,270,300,,,
H1006,5,,15,1,65,2000,56,200,366,,,
H1006,1,,1,2,4,100,120,163,44,,,
H1006,1,,2,6,1,100,120,101,101,,,
H1006,1,,3,5,3,100,120,131,156,,,
H1006,1,,4,4,3,100,120,205,122,,,
H1006,1,,5,2,10,100,120,273,153,,,
H1006,1,,6,8,1,100,120,210,215,,,
H1006,1,,7,5,3,100,120,106,216,,,
H1006,1,,8,9,1,100,120,58,260,,,
H1006,1,,9,7,5,100,120,80,326,,,
H1006,1,,10,1,60,100,120,147,338,,,
H1006,1,,11,2,4,100,120,168,275,,,
H1006,1,,12,4,3,100,120,260,280,,,
H1006,1,,13,3,10,100,120,292,314,,,
H1006,1,,14,5,3,100,120,227,350,,,
H1006,1,,15,1,60,100,120,294,375,,,
H1006,2,,1,5,4,200,100,100,80,,,
H1006,2,,2,4,3,200,120,172,33,,,
H1006,2,,3,5,4,200,120,172,87,,,
H1006,2,,4,7,10,200,120,145,132,,,
H1006,2,,5,3,15,200,120,192,170,,,
H1006,2,,6,5,4,200,120,142,198,,,
H1006,2,,7,6,1,200,120,145,252,,,
H1006,2,,8,9,1,200,120,222,208,,,
H1006,2,,9,8,1,200,120,227,270,,,
H1006,2,,10,1,65,200,120,160,322,,,
H1006,2,,11,2,6,200,120,65,288,,,
H1006,2,,12,4,3,200,120,86,348,,,
H1006,2,,13,3,15,200,120,160,373,,,
H1006,2,,14,2,6,200,120,233,353,,,
H1006,2,,15,1,65,200,120,306,322,,,
H1005,3,,1,2,7,500,90,80,80,,,
H1005,3,,2,4,3,500,90,162,44,,,
H1005,3,,3,5,5,500,90,130,120,,,
H1005,3,,4,9,1,500,90,60,130,,,
H1005,3,,5,3,10,500,90,80,236,,,
H1005,3,,6,8,1,500,90,172,170,,,
H1005,3,,7,6,1,500,90,197,110,,,
H1005,3,,8,5,5,500,90,290,120,,,
H1005,3,,9,2,7,500,90,304,217,,,
H1005,3,,10,1,70,500,90,237,182,,,
H1005,3,,11,7,15,500,90,142,236,,,
H1005,3,,12,5,5,500,90,154,300,,,
H1005,3,,13,3,20,500,90,237,265,,,
H1005,3,,14,4,3,500,90,276,323,,,
H1005,3,,15,1,70,500,90,220,370,,,
H1005,4,,1,9,1,1000,80,62,170,,,
H1005,4,,2,6,1,1000,80,77,100,,,
H1005,4,,3,4,4,1000,80,134,122,,,
H1005,4,,4,4,4,1000,80,180,40,,,
H1005,4,,5,7,20,1000,80,215,100,,,
H1005,4,,6,3,25,1000,80,205,166,,,
H1005,4,,7,2,10,1000,80,278,138,,,
H1005,4,,8,5,6,1000,80,313,180,,,
H1005,4,,9,8,1,1000,80,270,246,,,
H1005,4,,10,1,75,1000,80,146,197,,,
H1005,4,,11,5,6,1000,80,93,240,,,
H1005,4,,12,2,10,1000,80,77,293,,,
H1005,4,,13,5,6,1000,80,143,320,,,
H1005,4,,14,3,25,1000,80,192,266,,,
H1005,4,,15,1,75,1000,80,262,376,,,
H1005,5,,1,4,4,2000,70,306,123,,,
H1005,5,,2,6,1,2000,69,244,140,,,
H1005,5,,3,5,7,2000,68,200,207,,,
H1005,5,,4,8,1,2000,67,150,120,,,
H1005,5,,5,7,25,2000,66,168,47,,,
H1005,5,,6,9,1,2000,65,80,85,,,
H1005,5,,7,3,30,2000,64,76,150,,,
H1005,5,,8,2,12,2000,63,142,210,,,
H1005,5,,9,4,4,2000,62,65,240,,,
H1005,5,,10,1,80,2000,61,80,333,,,
H1005,5,,11,5,7,2000,60,128,270,,,
H1005,5,,12,3,30,2000,59,208,280,,,
H1005,5,,13,5,7,2000,58,306,235,,,
H1005,5,,14,2,12,2000,57,270,300,,,
H1005,5,,15,1,80,2000,56,200,366,,,
H1004,1,,1,2,5,100,120,163,44,,,
H1004,1,,2,6,7,100,120,101,101,,,
H1004,1,,3,2,5,100,120,131,156,,,
H1004,1,,4,4,2,100,120,205,122,,,
H1004,1,,5,3,12,100,120,273,153,,,
H1004,1,,6,8,1,100,120,210,215,,,
H1004,1,,7,5,5,100,120,106,216,,,
H1004,1,,8,9,1,100,120,58,260,,,
H1004,1,,9,7,4,100,120,80,326,,,
H1004,1,,10,1,30,100,120,147,338,,,
H1004,1,,11,5,5,100,120,168,275,,,
H1004,1,,12,4,2,100,120,260,280,,,
H1004,1,,13,3,12,100,120,292,314,,,
H1004,1,,14,5,5,100,120,227,350,,,
H1004,1,,15,1,30,100,120,294,375,,,
H1004,2,,1,5,6,200,100,100,80,,,
H1004,2,,2,4,2,200,120,172,33,,,
H1004,2,,3,5,6,200,120,172,87,,,
H1004,2,,4,7,4,200,120,145,132,,,
H1004,2,,5,3,14,200,120,192,170,,,
H1004,2,,6,5,6,200,120,142,198,,,
H1004,2,,7,6,8,200,120,145,252,,,
H1004,2,,8,9,1,200,120,222,208,,,
H1004,2,,9,8,1,200,120,227,270,,,
H1004,2,,10,1,35,200,120,160,322,,,
H1004,2,,11,2,9,200,120,65,288,,,
H1004,2,,12,4,2,200,120,86,348,,,
H1004,2,,13,3,14,200,120,160,373,,,
H1004,2,,14,2,9,200,120,233,353,,,
H1004,2,,15,1,35,200,120,306,322,,,
H1004,3,,1,2,10,500,90,80,80,,,
H1004,3,,2,4,3,500,90,162,44,,,
H1004,3,,3,5,8,500,90,130,120,,,
H1004,3,,4,9,1,500,90,60,130,,,
H1004,3,,5,3,15,500,90,80,236,,,
H1004,3,,6,8,1,500,90,172,170,,,
H1004,3,,7,6,9,500,90,197,110,,,
H1004,3,,8,5,8,500,90,290,120,,,
H1004,3,,9,1,10,500,90,304,217,,,
H1004,3,,10,1,40,500,90,237,182,,,
H1004,3,,11,7,6,500,90,142,236,,,
H1004,3,,12,5,8,500,90,154,300,,,
H1004,3,,13,3,15,500,90,237,265,,,
H1004,3,,14,4,3,500,90,276,323,,,
H1004,3,,15,1,40,500,90,220,370,,,
H1004,4,,1,9,1,1000,80,62,170,,,
H1004,4,,2,6,10,1000,80,77,100,,,
H1004,4,,3,7,8,1000,80,134,122,,,
H1004,4,,4,4,4,1000,80,180,40,,,
H1004,4,,5,1,45,1000,80,215,100,,,
H1004,4,,6,3,20,1000,80,205,166,,,
H1004,4,,7,2,12,1000,80,278,138,,,
H1004,4,,8,5,9,1000,80,313,180,,,
H1004,4,,9,8,1,1000,80,270,246,,,
H1004,4,,10,4,4,1000,80,146,197,,,
H1004,4,,11,5,4,1000,80,93,240,,,
H1004,4,,12,2,12,1000,80,77,293,,,
H1004,4,,13,5,9,1000,80,143,320,,,
H1004,4,,14,3,20,1000,80,192,266,,,
H1004,4,,15,1,45,1000,80,262,376,,,
H1004,5,,1,4,4,2000,70,306,123,,,
H1004,5,,2,6,11,2000,69,244,140,,,
H1004,5,,3,7,8,2000,68,200,207,,,
H1004,5,,4,8,1,2000,67,150,120,,,
H1004,5,,5,3,25,2000,66,168,47,,,
H1004,5,,6,9,1,2000,65,80,85,,,
H1004,5,,7,5,11,2000,64,76,150,,,
H1004,5,,8,2,20,2000,63,142,210,,,
H1004,5,,9,4,4,2000,62,65,240,,,
H1004,5,,10,1,50,2000,61,80,333,,,
H1004,5,,11,5,11,2000,60,128,270,,,
H1004,5,,12,3,25,2000,59,208,280,,,
H1004,5,,13,5,11,2000,58,306,235,,,
H1004,5,,14,2,20,2000,57,270,300,,,
H1004,5,,15,1,50,2000,56,200,366,,,
H1003,1,,1,2,4,100,120,163,44,,,
H1003,1,,2,6,1,100,120,101,101,,,
H1003,1,,3,5,3,100,120,131,156,,,
H1003,1,,4,4,2,100,120,205,122,,,
H1003,1,,5,3,9,100,120,273,153,,,
H1003,1,,6,8,1,100,120,210,215,,,
H1003,1,,7,5,3,100,120,106,216,,,
H1003,1,,8,9,1,100,120,58,260,,,
H1003,1,,9,7,7,100,120,80,326,,,
H1003,1,,10,1,65,100,120,147,338,,,
H1003,1,,11,2,3,100,120,168,275,,,
H1003,1,,12,4,2,100,120,260,280,,,
H1003,1,,13,3,9,100,120,292,314,,,
H1003,1,,14,5,3,100,120,227,350,,,
H1003,1,,15,1,65,100,120,294,375,,,
H1003,2,,1,5,4,200,100,100,80,,,
H1003,2,,2,4,2,200,120,172,33,,,
H1003,2,,3,5,4,200,120,172,87,,,
H1003,2,,4,7,8,200,120,145,132,,,
H1003,2,,5,3,12,200,120,192,170,,,
H1003,2,,6,5,4,200,120,142,198,,,
H1003,2,,7,6,1,200,120,145,252,,,
H1003,2,,8,9,1,200,120,222,208,,,
H1003,2,,9,8,1,200,120,227,270,,,
H1003,2,,10,1,70,200,120,160,322,,,
H1003,2,,11,2,6,200,120,65,288,,,
H1003,2,,12,4,2,200,120,86,348,,,
H1003,2,,13,3,12,200,120,160,373,,,
H1003,2,,14,2,6,200,120,233,353,,,
H1003,2,,15,1,70,200,120,306,322,,,
H1003,3,,1,2,7,500,90,80,80,,,
H1003,3,,2,4,1,500,90,162,44,,,
H1003,3,,3,2,7,500,90,130,120,,,
H1003,3,,4,9,2,500,90,60,130,,,
H1003,3,,5,3,14,500,90,80,236,,,
H1003,3,,6,8,2,500,90,172,170,,,
H1003,3,,7,6,1,500,90,197,110,,,
H1003,3,,8,5,5,500,90,290,120,,,
H1003,3,,9,5,5,500,90,304,217,,,
H1003,3,,10,1,75,500,90,237,182,,,
H1003,3,,11,7,9,500,90,142,236,,,
H1003,3,,12,5,5,500,90,154,300,,,
H1003,3,,13,3,14,500,90,237,265,,,
H1003,3,,14,4,3,500,90,276,323,,,
H1003,3,,15,1,75,500,90,220,370,,,
H1003,4,,1,9,2,1000,80,62,170,,,
H1003,4,,2,6,1,1000,80,77,100,,,
H1003,4,,3,7,10,1000,80,134,122,,,
H1003,4,,4,4,4,1000,80,180,40,,,
H1003,4,,5,3,15,1000,80,215,100,,,
H1003,4,,6,4,80,1000,80,205,166,,,
H1003,4,,7,2,8,1000,80,278,138,,,
H1003,4,,8,5,6,1000,80,313,180,,,
H1003,4,,9,8,2,1000,80,270,246,,,
H1003,4,,10,1,80,1000,80,146,197,,,
H1003,4,,11,5,6,1000,80,93,240,,,
H1003,4,,12,2,8,1000,80,77,293,,,
H1003,4,,13,5,6,1000,80,143,320,,,
H1003,4,,14,3,15,1000,80,192,266,,,
H1003,4,,15,1,80,1000,80,262,376,,,
H1003,5,,1,4,4,2000,70,306,123,,,
H1003,5,,2,6,1,2000,69,244,140,,,
H1003,5,,3,7,11,2000,68,200,207,,,
H1003,5,,4,8,3,2000,67,150,120,,,
H1003,5,,5,3,30,2000,66,168,47,,,
H1003,5,,6,2,9,2000,65,80,85,,,
H1003,5,,7,5,7,2000,64,76,150,,,
H1003,5,,8,2,9,2000,63,142,210,,,
H1003,5,,9,9,3,2000,62,65,240,,,
H1003,5,,10,1,85,2000,61,80,333,,,
H1003,5,,11,5,7,2000,60,128,270,,,
H1003,5,,12,3,20,2000,59,208,280,,,
H1003,5,,13,5,7,2000,58,306,235,,,
H1003,5,,14,4,4,2000,57,270,300,,,
H1003,5,,15,1,85,2000,56,200,366,,,
H1002,1,,1,2,7,100,120,163,44,,,
H1002,1,,2,3,5,100,120,101,101,,,
H1002,1,,3,5,4,100,120,131,156,,,
H1002,1,,4,4,1,100,120,205,122,,,
H1002,1,,5,2,7,100,120,273,153,,,
H1002,1,,6,8,1,100,120,210,215,,,
H1002,1,,7,5,4,100,120,106,216,,,
H1002,1,,8,9,1,100,120,58,260,,,
H1002,1,,9,7,8,100,120,80,326,,,
H1002,1,,10,1,60,100,120,147,338,,,
H1002,1,,11,6,1,100,120,168,275,,,
H1002,1,,12,4,1,100,120,260,280,,,
H1002,1,,13,3,5,100,120,292,314,,,
H1002,1,,14,5,4,100,120,227,350,,,
H1002,1,,15,1,60,100,120,294,375,,,
H1002,2,,1,5,4,200,100,100,80,,,
H1002,2,,2,4,2,200,120,172,33,,,
H1002,2,,3,5,4,200,120,172,87,,,
H1002,2,,4,5,4,200,120,145,132,,,
H1002,2,,5,7,10,200,120,192,170,,,
H1002,2,,6,3,5,200,120,142,198,,,
H1002,2,,7,6,1,200,120,145,252,,,
H1002,2,,8,9,1,200,120,222,208,,,
H1002,2,,9,8,1,200,120,227,270,,,
H1002,2,,10,1,65,200,120,160,322,,,
H1002,2,,11,2,8,200,120,65,288,,,
H1002,2,,12,4,2,200,120,86,348,,,
H1002,2,,13,3,5,200,120,160,373,,,
H1002,2,,14,2,8,200,120,233,353,,,
H1002,2,,15,1,65,200,120,306,322,,,
H1002,3,,1,2,8,500,90,80,80,,,
H1002,3,,2,4,2,500,90,162,44,,,
H1002,3,,3,5,5,500,90,130,120,,,
H1002,3,,4,9,1,500,90,60,130,,,
H1002,3,,5,7,12,500,90,80,236,,,
H1002,3,,6,8,1,500,90,172,170,,,
H1002,3,,7,6,1,500,90,197,110,,,
H1002,3,,8,3,10,500,90,290,120,,,
H1002,3,,9,2,8,500,90,304,217,,,
H1002,3,,10,1,70,500,90,237,182,,,
H1002,3,,11,5,5,500,90,142,236,,,
H1002,3,,12,5,5,500,90,154,300,,,
H1002,3,,13,3,10,500,90,237,265,,,
H1002,3,,14,4,2,500,90,276,323,,,
H1002,3,,15,1,70,500,90,220,370,,,
H1002,4,,1,9,1,1000,80,62,170,,,
H1002,4,,2,6,1,1000,80,77,100,,,
H1002,4,,3,4,3,1000,80,134,122,,,
H1002,4,,4,5,6,1000,80,180,40,,,
H1002,4,,5,7,14,1000,80,215,100,,,
H1002,4,,6,3,10,1000,80,205,166,,,
H1002,4,,7,2,9,1000,80,278,138,,,
H1002,4,,8,5,6,1000,80,313,180,,,
H1002,4,,9,8,1,1000,80,270,246,,,
H1002,4,,10,1,75,1000,80,146,197,,,
H1002,4,,11,5,6,1000,80,93,240,,,
H1002,4,,12,2,9,1000,80,77,293,,,
H1002,4,,13,4,3,1000,80,143,320,,,
H1002,4,,14,3,10,1000,80,192,266,,,
H1002,4,,15,1,75,1000,80,262,376,,,
H1002,5,,1,4,3,2000,70,306,123,,,
H1002,5,,2,6,1,2000,69,244,140,,,
H1002,5,,3,7,16,2000,68,200,207,,,
H1002,5,,4,8,1,2000,67,150,120,,,
H1002,5,,5,3,20,2000,66,168,47,,,
H1002,5,,6,9,1,2000,65,80,85,,,
H1002,5,,7,5,8,2000,64,76,150,,,
H1002,5,,8,2,9,2000,63,142,210,,,
H1002,5,,9,4,3,2000,62,65,240,,,
H1002,5,,10,1,80,2000,61,80,333,,,
H1002,5,,11,5,8,2000,60,128,270,,,
H1002,5,,12,3,20,2000,59,208,280,,,
H1002,5,,13,5,8,2000,58,306,235,,,
H1002,5,,14,2,9,2000,57,270,300,,,
H1002,5,,15,1,80,2000,56,200,366,,,
H1001,1,,1,2,5,100,120,163,44,,,
H1001,1,,2,6,4,100,120,101,101,,,
H1001,1,,3,5,4,100,120,131,156,,,
H1001,1,,4,4,3,100,120,205,122,,,
H1001,1,,5,3,17,100,120,273,153,,,
H1001,1,,6,8,1,100,120,210,215,,,
H1001,1,,7,5,4,100,120,106,216,,,
H1001,1,,8,9,1,100,120,58,260,,,
H1001,1,,9,7,7,100,120,80,326,,,
H1001,1,,10,1,30,100,120,147,338,,,
H1001,1,,11,2,5,100,120,168,275,,,
H1001,1,,12,4,3,100,120,260,280,,,
H1001,1,,13,3,17,100,120,292,314,,,
H1001,1,,14,5,4,100,120,227,350,,,
H1001,1,,15,1,30,100,120,294,375,,,
H1001,2,,1,5,5,200,100,100,80,,,
H1001,2,,2,4,5,200,120,172,33,,,
H1001,2,,3,5,5,200,120,172,87,,,
H1001,2,,4,7,8,200,120,145,132,,,
H1001,2,,5,3,20,200,120,192,170,,,
H1001,2,,6,5,5,200,120,142,198,,,
H1001,2,,7,6,4,200,120,145,252,,,
H1001,2,,8,9,1,200,120,222,208,,,
H1001,2,,9,8,1,200,120,227,270,,,
H1001,2,,10,1,35,200,120,160,322,,,
H1001,2,,11,2,5,200,120,65,288,,,
H1001,2,,12,4,5,200,120,86,348,,,
H1001,2,,13,3,20,200,120,160,373,,,
H1001,2,,14,2,5,200,120,233,353,,,
H1001,2,,15,1,35,200,120,306,322,,,
H1001,3,,1,5,7,500,90,80,80,,,
H1001,3,,2,4,5,500,90,162,44,,,
H1001,3,,3,2,10,500,90,130,120,,,
H1001,3,,4,9,6,500,90,60,130,,,
H1001,3,,5,3,25,500,90,80,236,,,
H1001,3,,6,8,1,500,90,172,170,,,
H1001,3,,7,6,6,500,90,197,110,,,
H1001,3,,8,5,7,500,90,290,120,,,
H1001,3,,9,2,10,500,90,304,217,,,
H1001,3,,10,1,40,500,90,237,182,,,
H1001,3,,11,7,9,500,90,142,236,,,
H1001,3,,12,5,7,500,90,154,300,,,
H1001,3,,13,3,25,500,90,237,265,,,
H1001,3,,14,4,5,500,90,276,323,,,
H1001,3,,15,1,40,500,90,220,370,,,
H1001,4,,1,9,2,1000,80,62,170,,,
H1001,4,,2,6,8,1000,80,77,100,,,
H1001,4,,3,7,10,1000,80,134,122,,,
H1001,4,,4,4,7,1000,80,180,40,,,
H1001,4,,5,3,30,1000,80,215,100,,,
H1001,4,,6,4,7,1000,80,205,166,,,
H1001,4,,7,2,10,1000,80,278,138,,,
H1001,4,,8,5,8,1000,80,313,180,,,
H1001,4,,9,8,1,1000,80,270,246,,,
H1001,4,,10,1,45,1000,80,146,197,,,
H1001,4,,11,5,8,1000,80,93,240,,,
H1001,4,,12,2,10,1000,80,77,293,,,
H1001,4,,13,5,8,1000,80,143,320,,,
H1001,4,,14,3,30,1000,80,192,266,,,
H1001,4,,15,1,45,1000,80,262,376,,,
H1001,5,,1,4,10,2000,70,306,123,,,
H1001,5,,2,6,8,2000,69,244,140,,,
H1001,5,,3,7,11,2000,68,200,207,,,
H1001,5,,4,8,1,2000,67,150,120,,,
H1001,5,,5,3,38,2000,66,168,47,,,
H1001,5,,6,9,3,2000,65,80,85,,,
H1001,5,,7,5,10,2000,64,76,150,,,
H1001,5,,8,2,20,2000,63,142,210,,,
H1001,5,,9,4,10,2000,62,65,240,,,
H1001,5,,10,1,50,2000,61,80,333,,,
H1001,5,,11,5,10,2000,60,128,270,,,
H1001,5,,12,3,38,2000,59,208,280,,,
H1001,5,,13,5,10,2000,58,306,235,,,
H1001,5,,14,2,20,2000,57,270,300,,,
H1001,5,,15,1,50,2000,56,200,366,,,
,,,,,,,,,,,,
,,,,,,,,,,,,
,,,,,,,,,,,,
,,,,,,,,,,,,
,,,,,,,,,,,,
,,,,,,,,,,,,
,,,,,,,,,,,,
,,,,,,,,,,,,
,,,,,,,,,,,,
,,,,,,,,,,,,
,,,,,,,,,,,,
,,,,,,,,,,,,
,,,,,,,,,,,,
,,,,,,,,,,,,
,,,,,,,,,,,,
,,,,,,,,,,,,
,,,,,,,,,,,,
,,,,,,,,,,,,
,,,,,,,,,,,,
,,,,,,,,,,,,
,,,,,,,,,,,,
,,,,,,,,,,,,
,,,,,,,,,,,,
,,,,,,,,,,,,
,,,,,,,,,,,,
,,,,,,,,,,,,
,,,,,,,,,,,,
,,,,,,,,,,,,
,,,,,,,,,,,,
,,,,,,,,,,,,
,,,,,,,,,,,,
,,,,,,,,,,,,
,,,,,,,,,,,,
,,,,,,,,,,,,
,,,,,,,,,,,,
,,,,,,,,,,,,
,,,,,,,,,,,,
,,,,,,,,,,,,
,,,,,,,,,,,,
,,,,,,,,,,,,
,,,,,,,,,,,,
,,,,,,,,,,,,
,,,,,,,,,,,,
,,,,,,,,,,,,
,,,,,,,,,,,,
,,,,,,,,,,,,
,,,,,,,,,,,,
,,,,,,,,,,,,
,,,,,,,,,,,,
,,,,,,,,,,,,
,,,,,,,,,,,,
,,,,,,,,,,,,
,,,,,,,,,,,,
,,,,,,,,,,,,
,,,,,,,,,,,,
,,,,,,,,,,,,
,,,,,,,,,,,,
,,,,,,,,,,,,
,,,,,,,,,,,,
,,,,,,,,,,,,
,,,,,,,,,,,,
,,,,,,,,,,,,
,,,,,,,,,,,,
,,,,,,,,,,,,
,,,,,,,,,,,,
,,,,,,,,,,,,
,,,,,,,,,,,,
,,,,,,,,,,,,
,,,,,,,,,,,,
,,,,,,,,,,,,
,,,,,,,,,,,,
,,,,,,,,,,,,
,,,,,,,,,,,,
,,,,,,,,,,,,
,,,,,,,,,,,,
,,,,,,,,,,,,
,,,,,,,,,,,,
,,,,,,,,,,,,
,,,,,,,,,,,,
,,,,,,,,,,,,
,,,,,,,,,,,,
,,,,,,,,,,,,
,,,,,,,,,,,,
,,,,,,,,,,,,
,,,,,,,,,,,,
,,,,,,,,,,,,
,,,,,,,,,,,,
,,,,,,,,,,,,
,,,,,,,,,,,,
,,,,,,,,,,,,
,,,,,,,,,,,,
,,,,,,,,,,,,
,,,,,,,,,,,,
,,,,,,,,,,,,
,,,,,,,,,,,,
,,,,,,,,,,,,
,,,,,,,,,,,,
,,,,,,,,,,,,
,,,,,,,,,,,,
,,,,,,,,,,,,
,,,,,,,,,,,,
,,,,,,,,,,,,
,,,,,,,,,,,,
,,,,,,,,,,,,
,,,,,,,,,,,,
,,,,,,,,,,,,
,,,,,,,,,,,,
,,,,,,,,,,,,
,,,,,,,,,,,,
,,,,,,,,,,,,
,,,,,,,,,,,,
,,,,,,,,,,,,
,,,,,,,,,,,,
,,,,,,,,,,,,
,,,,,,,,,,,,
,,,,,,,,,,,,
,,,,,,,,,,,,
,,,,,,,,,,,,
,,,,,,,,,,,,
,,,,,,,,,,,,
,,,,,,,,,,,,
,,,,,,,,,,,,
,,,,,,,,,,,,
,,,,,,,,,,,,
,,,,,,,,,,,,
,,,,,,,,,,,,
,,,,,,,,,,,,
,,,,,,,,,,,,
,,,,,,,,,,,,
,,,,,,,,,,,,
,,,,,,,,,,,,
,,,,,,,,,,,,
,,,,,,,,,,,,
,,,,,,,,,,,,
,,,,,,,,,,,,
,,,,,,,,,,,,
,,,,,,,,,,,,
,,,,,,,,,,,,
,,,,,,,,,,,,
,,,,,,,,,,,,
,,,,,,,,,,,,
,,,,,,,,,,,,
,,,,,,,,,,,,
,,,,,,,,,,,,
,,,,,,,,,,,,
,,,,,,,,,,,,
,,,,,,,,,,,,
,,,,,,,,,,,,
,,,,,,,,,,,,
,,,,,,,,,,,,
